entry,year,genre,source,a,b,c,text
136,1811,FIC,Africans,A,B,C,"  ! Going. Enter Madiboo. Mad. Madiboo Well done, Sutta! the blackbird is a cuckoo to you. I should like to jump down your throat,"
312,1821,FIC,Pedlar,A,B,C,"  time bullying a war-worn veteran out of all his earthly comfort: his dear little blackbird! Oh! Harry, you're a thorn between two roses. Harry at"
18,1823,MAG,NorthAmRev,A,B,C,"  of the Omawhnws is said to have been almost absolute. That of the celebrated Blackbird Wash*ing-guhSahb***, seems to have been actually so, and was retained undiminished until his"
117,1823,FIC,ForestRose,A,B,C,"  awakes, in blushes dress'd, The lambs are all at play, The blackbird quits his dewy nest, And carols on the spray; The milkmaid hails the"
295,1823,MAG,NorthAmRev,A,B,C,"  gave rise to the erection of artificial hills over the remains of the dead. Blackbird, the chief of the Mahas, was interred, at his particular request,"
250,1824,FIC,OHalloranTheInsurgent,A,B,C,"  ; Hail Spring! fair queen of tender joys, And meekly-smiling love. The blackbird, thrush and linnet tribes, In yonder grove convene, And in glad concert"
314,1824,FIC,OHalloranTheInsurgent,A,B,C,"  adjusted himself to his harp, and began the beautifully sweet air of the "" Blackbird. "" When he had done, he asked Ellen if she had committed to"
229,1828,FIC,Remains,A,B,C,"  a hold, When all at once dart at the falling prize. The flippant blackbird with light yellow crown, Hangs fluttering in the air, and chatters thick Till"
65,1831,MAG,NewEngMag,A,B,C,"  pick up grain and seeds; it is sometimes called Cow-bird, Cowpen-bird, and Blackbird, which reminds me of many other confusions of names in our ornithology, that"
402,1831,FIC,AmericanCommon-place,A,B,C,"  company of reapers bind The bearded wheat in sheaves, -- then peals abroad The blackbird's merry chant. I love to hear, Bold plunderer, thy mellow burst"
500,1831,FIC,AmericanCommon-place,A,B,C,  -- Anonymous. from Landmark Anthologies:The American common-place book of poetry (1831) The blackbird is singing on Michigan's shore As sweetly and gayly as ever before; For
379,1832,MAG,NorthAmRev,A,B,C,"  other birds. The unnatural parent in this country, is the well known low blackbird, the pest of almost all the feathered race. She lays her egg in"
445,1833,FIC,CrayonSketches [ed],A,B,C,"  pride; Invisible in flecked sky, The lark sent down her revelry; The blackbird and the speckled thrush Good-morrow gave from brake and bush; In answer cooed the"
285,1835,FIC,HawksHawk-Hollow,A,B,C,"  I should suppose you would have sung that line to the gay whistle of a blackbird! "" "" I assure you, Miss Loring, "" said the painter,"
36,1836,NF,AstoriaAnecdotes,A,B,C,"  for peace. The charms of the Indian maid touched the stern heart of the Blackbird; he accepted the pipe at her hand, smoked it, and from that"
53,1836,NF,AstoriaAnecdotes,A,B,C,"  benefit. It is this tribe of whose chief, the famous Wash-ing-guhsah-ba, or Blackbird, such savage and romantic stories are told. He had died about ten years"
156,1836,NF,AstoriaAnecdotes,A,B,C,"  of the Omahas, and carried off a number of women and horses. The Blackbird was roused to fury, and took the field with all his braves, swearing"
203,1836,NF,AstoriaAnecdotes,A,B,C,"  times over for the goods set apart by the chief. In this way the Blackbird enriched himself, and enriched the white men, and became exceedingly popular among the"
211,1836,NF,AstoriaAnecdotes,A,B,C,"  republicans had inflicted a gross indignity on a favorite and distinguished Omaha brave. The Blackbird assembled his warriors, led them against the Pawnee town, attacked it with irresistible"
235,1836,NF,AstoriaAnecdotes,A,B,C,"  might, and dreaded to displease so omnipotent and vindictive a being; and the Blackbird enjoyed a wide and undisputed sway. It was not, however, by terror"
258,1836,NF,AstoriaAnecdotes,A,B,C,"  better country. When the general horror and dismay was at its height, the Blackbird himself was struck down with the malady. The poor savages, when they saw"
291,1836,NF,AstoriaAnecdotes,A,B,C,"  to this singular promontory as if spell-bound. It was the dying command of the Blackbird that his tomb should be on the summit of this hill, in which he"
302,1836,NF,AstoriaAnecdotes,A,B,C,"  furnished him with an ample supply of that baneful drug. From this time the Blackbird seemed endowed with supernatural powers, to possess the gift of prophecy, and to"
345,1836,NF,AstoriaAnecdotes,A,B,C,"  of discontent. Upon this a crafty and unprincipled trader revealed a secret to the Blackbird, by which he might acquire unbounded sway over his ignorant and superstitious subjects."
351,1836,NF,AstoriaAnecdotes,A,B,C,"  small child, and laying it on the ground, placed the foot of the Blackbird upon its neck. The heart of the gloomy savage was touched by this appeal"
365,1836,NF,AstoriaAnecdotes,A,B,C,"  , sorely pressed, took refuge behind a rude bulwark of earth; but the Blackbird kept up so galling a fire, that he seemed likely to execute his menace"
381,1836,NF,AstoriaAnecdotes,A,B,C,"  the favorite wife whose fate makes so tragic an incident in the story of the Blackbird. Her youth and beauty had gained an absolute sway over his rugged heart,"
392,1836,NF,AstoriaAnecdotes,A,B,C,"  disuse, for the tribe itself is almost extinct. Yet the hill of the Blackbird continues an object of veneration to the wandering savage, and a landmark to the"
408,1836,NF,AstoriaAnecdotes,A,B,C,"  Anecdotes of the Tribe. -- Feudal Wars of the Indians. -- Story of Blackbird, the Famous Omaha Chief. THE weather continued rainy and ungenial for some days"
439,1836,NF,AstoriaAnecdotes,A,B,C,"  to any one who questioned his authority or dared to dispute his commands! The Blackbird prophesied his death within a certain time, and he had the secret means of"
463,1836,NF,AstoriaAnecdotes,A,B,C,"  calumet or pipe of peace, but he was shot down by order of the Blackbird. Another herald was sent forth in similar guise, but he shared a like"
3,1837,MAG,NorthAmRev,A,B,C,"  a great "" medicine "" was at hand, against which the secret talisman of Blackbird afforded no protection, and to which, in common with the humblest of his"
12,1837,MAG,NorthAmRev,A,B,C,"  any one who questioned his authority, or dared to dispute his commands! The Blackbird prophesied his death within a certain time, and he had the secret means of"
44,1837,MAG,NorthAmRev,A,B,C,"  this singular promontory as if spell-bound. "" It was the dying command of the Blackbird that his tomb should be upon the summit of this hill, in which he"
86,1837,MAG,NorthAmRev,A,B,C,"  disuse, for the tribe itself is almost extinct. Yet the hill of the Blackbird continues an object of veneration to the wandering savage, and a landmark to the"
257,1837,MAG,NorthAmRev,A,B,C,"  - Vol. i. pp. 163- 164. The same chapter contains an animated account of Blackbird, a famous chief of the Omahas, whose superior talent // had given him"
275,1837,MAG,NorthAmRev,A,B,C,"  country. "" When the general horror and dismay was at its height, the Blackbird himself was struck down with the malady. The poor savages, when they saw"
437,1837,MAG,NorthAmRev,A,B,C,"  , and dreaded to displease so powerful and vindictive a being; and thus the Blackbird enjoyed a wide and undisputed sway. But a great "" medicine "" was at"
496,1840,FIC,AirsPalestineOther,A,B,C,"  stripling roves Through smiling valleys and religious groves; Hears, there, the flickering blackbird strain his throat, Here, the lone turtle pour her mournful note, Till"
207,1842,FIC,CareerPufferHopkins,A,B,C,"  in the instant, swarmed with many beautiful and melodious lives; and the single blackbird darkened the air, as if he had been a whole flock in himself."
213,1842,FIC,CareerPufferHopkins,A,B,C,"  of a parson's coat from the fashion of his deep sable feathers. That blackbird, sir, is to me and my opinions, what the best and portliest"
224,1842,FIC,CareerPufferHopkins,A,B,C,"  "" With which answer the young gentleman stepped across the floor, and unfastening the blackbird from where it hung upon the beam, took it to the window, and"
352,1842,FIC,CareerPufferHopkins,A,B,C,"  wall; the pot of plants brought in and stationed on the shelf; the blackbird in his cage, removed from his old look-out at the window and hung upon"
467,1842,FIC,SportingScenes,A,B,C,"  we call vultures, buzzard and crow; a thrush, robin -- the English blackbird is a thrush; -- a buzzard, hawk; and more locally, a"
39,1843,FIC,VariousWritings,A,B,C,"  he mentioned, to come to his side; fixed his look on the poor blackbird, whose cage had been restored to its place upon the beam, and clasped"
42,1843,FIC,VariousWritings,A,B,C,"  "" With which answer the young gentleman stepped across the floor, and unfastening the blackbird from where it hung upon the beam, took it to the window, and"
85,1843,FIC,VariousWritings,A,B,C,"  in the instant, swarmed with many beautiful and melodious lives; and the single blackbird darkened the air as if he had been a whole flock in himself. There"
100,1843,FIC,VariousWritings,A,B,C,"  wall; the pot of plants brought in and stationed on the shelf; the blackbird in his cage, removed from his old lookout at the window and hung upon"
429,1843,FIC,VariousWritings,A,B,C,"  of Puffer Hopkins. "" You wonder, I doubt not, to see this blackbird here -- don't you? "" said the tailor, detecting the question which"
442,1843,FIC,VariousWritings,A,B,C,"  suspended at the window, overlooking a pot of plants, a cage with a blackbird in it, busily engaged in passing up and down from a second-story perch to"
482,1843,FIC,VariousWritings,A,B,C,"  of a parson's coat from the fashion of his deep sable feathers. That blackbird, sir, is to me and my opinions, what the best and portliest"
486,1843,FIC,VariousWritings,A,B,C,"  Puffer's looks had often asked before; "" what business have I with a blackbird, unless I might fancy that I could catch the cut of a parson's"
423,1847,FIC,IngleboroughHall,A,B,C,"  airy circles around the distant spire, the full and liquid melodies of thrush and blackbird from out the thorn bushes upon the lawn, the lowing of the cows,"
79,1852,FIC,AesopInRhyme,A,B,C,  emulate the birds of spring? Can thy weak warbling dare approach the thrush Or blackbird's accents in the hawthorn bush? Or with the lark dost thou poor mimic
133,1852,NF,RoughingItInBush,A,B,C,"  , and listened with the untiring ear of love to the spring roundelay of the blackbird, whistled from among his bower of May blossoms. Here, I had discoursed"
316,1853,FIC,Virginalia,A,B,C,"  Thomas Holley), 1809-1858: ALMA. from Virginalia (1853) Blacker than the Blackbird's bill, Was her raven hair; Whiter than snow upon Ida's Hill"
371,1853,FIC,ChevaliersFrance,A,B,C,"  of the rivulet, and now and then the sudden song of the thrush or blackbird bursting out from the thickets in a gush of liquid ecstasy, and hushed almost"
131,1855,FIC,MissingBride,A,B,C,"  After this, by slow degrees, he was enabled to approach "" the little blackbird "" without alarming her. And after a while he coaxed her to take a"
296,1855,FIC,ScenesCharacters,A,B,C,"  On Monday she tore her frock by climbing a laurel-tree, to look at a blackbird's nest.'' I gave her leave,' said Emily.'"
414,1855,FIC,ScenesCharacters,A,B,C,"  ' It was a bright and beautiful afternoon in March, the song of the blackbird and thrush, and the loud chirp of the titmouse, came merrily through the"
321,1862,FIC,KingsStratagem,A,B,C,"  eyes Bright as two stars -- ALISA. Tut! tut! It was a blackbird. CHRISTINE. Do blackbirds wear fair beards and hats, Alisa? And have"
435,1864,FIC,Moods,A,B,C,"  and nearer drew the winged guest, fascinated by the spell. Suddenly a belated blackbird lit upon the wall, surveyed the group and burst into a jubilant song,"
40,1866,FIC,GoodCompanyEvery,A,B,C,"  down the glade: "" Squirrel, Squirrel, from the nut-tree shade, Bonny Blackbird, if you' re not afraid, Come and share with me! """
155,1866,FIC,GoodCompanyEvery,A,B,C,"  ? "" Low and soft, oh! very low and soft, Crooned the Blackbird in the orchard croft, "" Bell, dear Bell! "" crooned he."
166,1866,FIC,GoodCompanyEvery,A,B,C,"  sun, In the little lap drop, one by one -- Hark! how Blackbird pipes, to see the fun! "" Happy Bell! "" pipes he."
244,1866,FIC,GoodCompanyEvery,A,B,C,"  finest song, I know, Little Bell, "" said he. And the Blackbird piped -- you never heard Half so gay a song from any bird; Full"
304,1866,FIC,GoodCompanyEvery,A,B,C,"  well Both man and bird and beast. "" The Ancient Mariner. PIPED the Blackbird, on the beechwood spray, "" Pretty maid, slow wandering this way,"
347,1866,FIC,GoodCompanyEvery,A,B,C,"  me! "" Down came Squirrel, eager for his fare, Down came bonny Blackbird, I declare; Little Bell gave each his honest share -- Ah! the"
455,1866,FIC,GoodCompanyEvery,A,B,C,"  the tree, Swung and leaped and frolicked, void of fear, While bold Blackbird piped, that all might hear, "" Little Bell! "" piped he."
63,1869,FIC,HospitalSketches,A,B,C,"  fixed on John. And Laura, once so silent, now sang like a blackbird, as she flitted to and fro; but her fitful song was always,"
259,1869,FIC,HospitalSketches,A,B,C,"  goner! "" With which cheerful intelligence the imp scuttled away, singing like a blackbird, and I followed, feeling that Richard was not himself again, and would"
315,1869,FIC,OldtownFolks,A,B,C,"  and fried potatoes before her, the child's eating was scarcely that of a blackbird. Marvellous to the little girl was the celerity with which Miss Asphyxia washed and"
441,1869,FIC,HospitalSketches,A,B,C,"  his hat and turned away; but the music seemed to die out of the blackbird's song, and in all the summer landscape his eye saw nothing but the"
492,1869,FIC,OldtownFolks,A,B,C,"  , I s'pose. Lordy massy! that child can sing so like a skunk blackbird that you can't tell which is which. Wal, I' ll say"
499,1869,FIC,JanetsLoveService,A,B,C,"  's song in the morning, and the evening voices of the cushat and the blackbird. There are no birds like them here. "" "" Ain't it just"
28,1870,FIC,UnderLilacs,A,B,C,"  of friendliness and safety, which soon set him to whistling as gayly as any blackbird in the meadow. CHAPTER VI: A CIRCULATING LIBRARY After supper that night,"
367,1870,FIC,ShadowMolochMountain,A,B,C,"  pluck a berry or a flower, now to mimic the strains of linnet or blackbird in the tree-tops, now to drink in the beauty of the day and scene"
121,1873,NF,OldportDays,A,B,C,"  the haunted window; before me a kingfisher pauses and waits, and a darting blackbird shows the scarlet on his wings. Sloops and schooners constantly come and go,"
264,1873,NF,MythsMyth-makers,A,B,C,"  and hangs out the clouds, his clothes, across the sky; the particular blackbird, who so tragically ends the tale by snipping off her nose, is the"
404,1873,FIC,HerMajestyQueen,A,B,C,"  ; there was the crotch in the great apple-tree, where I had robbed the blackbird's nest of its speckled treasure; yonder the old pony had rolled me on"
129,1874,NF,WesternWorld,A,B,C,"  of exultation, accompanied its flight to the woods. THE ANIS, OR SAVANNAH BLACKBIRD. The farmers of Mexico and the Southern States of America whose fields are frequented"
286,1874,NF,WesternWorld,A,B,C,"  of the service thus rendered them, that they will lie down to allow the blackbird to perform the operation at its ease. It is even asserted that, should"
453,1874,NF,WesternWorld,A,B,C,"  that, should the cow neglect to place herself in a suitable attitude, the blackbird will hop about in front of her nose, and allow her no peace till"
221,1875,FIC,EightCousins,A,B,C,"  of herself this morning, up to the elbows in suds, singing like a blackbird whilst she scrubbed on the back stoop. "" "" Well, I do think"
9,1876,NF,WinterSunshine,A,B,C,"  . There appeared to be a plover, a crow, a rook, a blackbird, and a sparrow to every square yard of ground. They know the value"
17,1876,NF,WinterSunshine,A,B,C,"  a much better musician. The European bird that corresponds to our robin is the blackbird, of which Tennyson sings: -- "" O Blackbird, sing me something well"
149,1876,NF,WinterSunshine,A,B,C,"  one's own country and countrymen over all the rest of the world. INDEX Blackbird, crow, or purple grackle (Quiscalus quiscula). Blackbird, European."
209,1876,NF,WinterSunshine,A,B,C,"  to our robin is the blackbird, of which Tennyson sings: -- "" O Blackbird, sing me something well; While all the neighbors shoot thee round I keep"
293,1876,NF,WinterSunshine,A,B,C,"  world. INDEX Blackbird, crow, or purple grackle (Quiscalus quiscula). Blackbird, European. Bluebird (Sialia sialis). Bobolink (Dodichonyx oryzivorus)."
294,1876,NF,WinterSunshine,A,B,C,"  Goose, wild or Canada (Branta canadensis). Grackle, purple. See Blackbird, crow. Grosbeak, cardinal, or cardinal, (Cardinalis cardinalis)."
49,1877,FIC,LillsTravelsIn,A,B,C,"  Roxy had reached home. She was setting the table, and whistling like a blackbird. Things had gone so happily at school! Everything was so neat, and"
195,1878,MAG,Atlantic,A,B,C,"  , if so often as that. He is a rara avis, a white blackbird. During the last four decades, see what a numerous brood of brilliant writers"
38,1880,NF,Wake-Robin,A,B,C,"  into which it had no doubt been driven by a hawk.) The crow blackbird has all the natural cunning of his prototype, the crow. In one of"
99,1880,NF,Wake-Robin,A,B,C,"  then lays in an old crow's nest or cuckoo's nest. The crow blackbird, seized with a fit of indolence, drops its eggs in the cavity of"
164,1880,NF,Wake-Robin,A,B,C,"  striking violently against one of the window-panes. Looking up, they beheld a crow blackbird pausing in midair, a few feet from the window. On the broad stone"
240,1880,NF,Wake-Robin,A,B,C,"  , American, OR yellow-bird (Astragalinus tristis). Grackle, purple. SEE Blackbird, crow. Grosbeak, blue (Guiraca caerulea). Grosbeak, cardinal,"
388,1880,NF,Wake-Robin,A,B,C,"  no enemies. The crow fights the hawk, and the kingbird and the crow blackbird fight the crow; but neither takes any notice of the buzzard. He excites"
396,1880,FIC,JackJill,A,B,C,"  had been stealing sips of new cider through a straw. Jack whistled like a blackbird as he swung and bumped about, Frank orated and joked, Merry and Molly"
410,1880,NF,Wake-Robin,A,B,C,"  quivering form of a purple finch. The little tragedy was easily read. The blackbird had pursued the finch with such murderous violence that the latter, in its desperate"
475,1880,NF,Wake-Robin,A,B,C,"  . "" Among the first birds that make their appearance in Washington is the crow blackbird. He may come any time after the 1st of March. The birds congregate"
338,1881,NF,HousesHouse-Life,A,B,C,  Hush-ko' - ni. 9. Squirrel 10. Alligator. 11 Wolf. 12. Blackbird. A very complete illustration of the manner in which phratries are formed by natural
41,1882,FIC,Poems,A,B,C,"  his tiny ear In the pose of a critic wise, to hear. A blackbird, perched on a glistening gum, Seems lost in a rapture, deep and"
163,1882,FIC,Poems,A,B,C,"  T was a morn undarkened by mist or cloud, With the thrush and the blackbird piping loud; The locust, deep in the pine-tree wood, Shrilled, as"
51,1883,MAG,Atlantic,A,B,C,  ; after which they proposed to conduct me to a chaflinch's nest and a blackbird's nest; but I said I had already seen several of these and my
199,1883,FIC,RedAcorn,A,B,C,"  else, a'most as airly ez I could tell a robin's song from a blackbird's. Girl, woman, wife an' mother, I hed listened to"
292,1883,MAG,Century,A,B,C,"  . It did not hold the attention nor interrupt the thread of meditation like a blackbird or a nightingale; it was mere woodland prattle, of which the mind was"
115,1884,FIC,QueerStoriesBoys,A,B,C,"  "" "" How curious! "" said Sukey. Then the pickaninny found a swamp blackbird's nest, and showed her how strangely it was made; then they climbed"
150,1884,NF,AlgonquinLegends,A,B,C,"  white and scanty, now hung to her feet, dark and glossy as a blackbird's breast. Then, having been clad in fine array, she showed a"
174,1884,FIC,Mercedes,A,B,C,"  my luck to unearth the only woman in the place! The captain's white blackbird has flown, bag and baggage, thank Heaven! Poor Louvois, what a"
96,1885,FIC,PoeticalWorks,A,B,C,"  laughter the clover; And the sweet-brier bent with a blush That warned the pert blackbird to hush, While Bessie went by with her lover, Talking her second love"
8,1886,FIC,DaughterFife,A,B,C,  men look askance at her with disapproving eyes. The girl will be a white blackbird; the properly colored birds will drive her out of the colony or pick her
71,1886,FIC,Poems,A,B,C,"  , 1819-1895: THE BLACKBIRD. from Poems (1886) Upon the cherry-bough the blackbird sings His careless, happy song, As' mid the rubied fruit he tilting"
184,1886,FIC,Poems,A,B,C,"  as you stand by his grave. Story, William Wetmore, 1819-1895: THE BLACKBIRD. from Poems (1886) Upon the cherry-bough the blackbird sings His careless,"
306,1886,FIC,Poems,A,B,C,"  by distance, from the woods remote, Rings, now and then, the blackbird's liquid note; Or the jay scolds, or far up in the sky"
416,1886,FIC,Poems,A,B,C,"  the cares that clog humanity, The soul might wing its flight! Then, blackbird, we might sing the perfect song Of Life and Love with thee, Where"
483,1886,FIC,Poems,A,B,C,"  We stand besieged and sad. What know we of that rare felicity The unconscious blackbird knows, That no misgiving spoils; that frank and free From merely living grows"
280,1887,MAG,Atlantic,A,B,C,"  fauna of England, except a few birds, - rooks, starlings, a blackbird, and the larks of Salisbury Plain just as they rose, for I lost"
490,1887,FIC,FarmLegends,A,B,C,  buzzing bees As something sweet for the sons of men; Or as if the blackbird and the wren Had lounged about each ragged clearing To gossip it in the settlers
336,1888,FIC,ChristmasWithGrandma,A,B,C,"  young pig in a dish placed before Mr. Dinsmore, and the song of the blackbird from a pie Grandma Elsie was beginning to help. ""' Four and twenty"
180,1889,FIC,LittleJourneyIn,A,B,C,"  with a pale green. There was a robin on the lawn, and a blackbird singing in the pine. "" Go not, happy day, "" she said"
212,1889,FIC,WhoSpokeNext,A,B,C,"  he had just been sickened by the success of a gunner in bringing down a blackbird, and he described the poor, stricken, glossy thing, how it lay"
443,1890,FIC,Poems,A,B,C,"  . Wild-flowers kindle in the woods, The brooks brag all the day; No blackbird bates his jargoning For passing Calvary. Auto-da-f and judgment Are nothing to the bee"
269,1891,MAG,NorthAmRev,A,B,C,"  Whether justly or unjustly, the dishonesty of lawyers has become proverbial. A white blackbird is no less rara avis in the common mind than is an honest lawyer."
460,1892,FIC,PoemsSentiment,A,B,C,"  . You find when the butterflies plan for flying (Before the thrush or the blackbird goes), You see some day by the water's edges A brilliant border"
70,1893,MAG,Scribners,A,B,C,"  . Conspicuous among these was the famous prize-fighter Tom Hyer, a sort of white blackbird, who, though prize-fighter and gambler, was an active member of what had"
98,1893,FIC,PollyOliversProblem,A,B,C,"  my white straw sailor with shoe-blacking, trimmed it with two neckties and an old blackbird badly molted; result perfectly hideous, but the sugar-bowl, clothing, and sundry"
335,1893,FIC,SingerFromSea,A,B,C,"  at the flowers, and so, shaking his head, walked on. The blackbird was piping and the missel-thrush singing in one or two of her seven languages,"
390,1893,FIC,SingerFromSea,A,B,C,"  going, and so woke up the thrush, and the thrush called to the blackbird, and the woods soon rang with music. The ceremony was to be in"
216,1894,MAG,Atlantic,A,B,C,"  peeping "" like a bird in the nest, then "" chacking "" like a blackbird, mewing as neatly as pussy herself, and varying these calls by the rattling"
21,1896,MAG,Atlantic,A,B,C,"  that "" league upon league of marsh grass, "" I suppose, were the blackbird's little folk; for the watcher on the bank was in deepest tribulation,"
27,1896,MAG,Atlantic,A,B,C,"  Americans very soon graduate from the nursery. The last trial that came to the blackbird, and the one, perhaps, that induced him finally to abandon his watch-towers"
37,1896,MAG,Atlantic,A,B,C,  were the sure fate of them all. It was the last act in the blackbird drama on the meadow.
83,1896,FIC,Poems,A,B,C,"  , gathering flowers so early this May morn? "" "" I saw a shining blackbird loud whistling on a thorn; I saw the mottled plover from the swamp-edge fly"
132,1896,MAG,Atlantic,A,B,C,"  species. To chase the beloved until she drops with fatigue seems to be the blackbird idea of a tender attention, and possibly the pursuit of his spouse already spoken"
272,1896,MAG,Atlantic,A,B,C,"  , to attack the problem of delay for themselves; to wait is not a blackbird possibility. It is needless to say that such preternaturally sharp and wide-awake Young Americans"
361,1896,FIC,Poems,A,B,C,"  gull twinkling in the blue sky like a star. "" "" And is the blackbird whistling yet, and does the curlew call, And should I find your rapture"
363,1896,MAG,Atlantic,A,B,C,"  which he took care to make known to the world, - a "" Fire-winged blackbird, wearing on his shoul-ders Red, gold-edged epanlets. "" His little family,"
485,1896,FIC,SecondBookTales,A,B,C,"  too, does the soldier, and so does Nellie, and they hear the blackbird's twitter and the quail's shrill call and the cricket's faint echo,"
498,1896,MAG,Atlantic,A,B,C,"  . But with the babies it was a different thing. Heretofore I had seen blackbird fathers devoted attendants on their young, working as hard as the mothers in seeking"
111,1897,FIC,ChristmasAccident,A,B,C,"  "" There, "" he concluded, "" ain't there something of the' blackbird's tune and the beanflower's boon' in that? "" "" Copied,"
157,1897,FIC,ChoirInvisible,A,B,C,"  parties and picknicked in the lawn amid the dandelions and under the song of the blackbird; during the summer, for days at a time, other gay company filled"
389,1897,NF,SiouanIndians,A,B,C,"  little over 300 when they were visited by Lewis and Clark, their famous chief Blackbird being one of those carried off by the epidemic. Subsequently they increased in numbers"
62,1898,FIC,StoryBigFrontDoor,A,B,C,"  on the blackboard lines adapted from Mother Goose: "" It used to be a blackbird, so the story goes, But now it is a puppy dog that nips"
419,1898,FIC,CounterpaneFairy,A,B,C,"  who was standing at the window and looking out. "" And just hear that blackbird! I always feel as though spring were really here when I hear the blackbirds"
430,1898,NF,EnglishFairyTales,A,B,C,"  in the mud. "" Now I know all about it, "" says the blackbird, and off he flew; and that's how the blackbirds make their nests"
243,1899,NF,PrimitiveLoveLove-,A,B,C,"  An Indian girl would not be likely to compare a man's hair to a blackbird's feathers, and she certainly would never dream of speaking of a "" tall"
313,1899,FIC,TrailGoldseekers<,A,B,C,  To me his phrase was not unlike the metallic ringing cry of a sort of blackbird which I heard in the torrid plazas of Mexico. He was very difficult to
355,1899,NF,PrimitiveLoveLove-,A,B,C,"  course as the stately deer. His hair is flowing, and dark as the blackbird that floats through the air, and his eyes, like the eagle's,"
35,1900,FIC,VoicePeople,A,B,C,"  with shrill, impertinent barks. At the bottom of the hill they lost the blackbird and found Nicholas Burr, who was lying face downwards upon the earth, a"
94,1900,FIC,BradysBeyondTheir,A,B,C,"  full instructions for the management and training of the canary, mocking-bird, bobolink, blackbird, paroquet, parrot, etc. No. 39. HOW TO RAISE DOGS,"
106,1900,FIC,ReelsSpindles<,A,B,C,"  the world. "" "" Why, Hal, you're as gay as a blackbird. What's the surprise, eh? Too precious to disclose even to me"
139,1900,FIC,ModernCinderella,A,B,C,"  his hat and turned away; but the music seemed to die out of the blackbird's song, and in all the summer landscape his eyes saw nothing but the"
366,1900,FIC,ModernCinderella,A,B,C,"  fixed on John. And Laura, once so silent, now sang like a blackbird, as she flitted to and fro; but her fitful song was always,"
399,1900,FIC,VoicePeople,A,B,C,"  erred, and the missile fell harmlessly into the wheat field beyond, startling a blackbird with scarlet marks, which soared suddenly above the bearded grain and vanished, with"
412,1900,NF,ContemporaryAmerican,A,B,C,"  "" Western Wind "" is given a setting contrastingly dainty and serene. "" The Blackbird "" is delicious and quite unhackneyed. "" A Secret "" is bizarre, and"
428,1900,FIC,VoicePeople,A,B,C,"  the little brook at the foot of the hill. "" There's that red-winged blackbird in the bulrushes again. I believe it's got a nest. "" And"
154,1901,MAG,Harpers,A,B,C,  just able to keep above them. At last he got near to where the Blackbird was. When the Blackbird heard the pounding of many hoofs and knew that the
223,1901,MAG,Harpers,A,B,C,"  , "" Friend, you stay here until the time comes. "" So the Blackbird remained there where they had been talking, and the others went on. After they"
372,1901,MAG,Harpers,A,B,C,"  them. At last he got near to where the Blackbird was. When the Blackbird heard the pounding of many hoofs and knew that the Buffalo were coming, he"
465,1901,MAG,Harpers,A,B,C,"  would go with them. They went on, and at length they met a Blackbird, and asked him to join them. He said: "" Let it be"
476,1901,MAG,Harpers,A,B,C,"  many, many Buffalo, and the rest were frightened and ran away. The Blackbird had flown into the lodge with the ring, and after the brothers had finished"
159,1904,FIC,Sequil OrThings,A,B,C,"  , so they look jest like they was alive. he stufed a red winged blackbird so good that the cat et it and dide. and then Potter he skun the"
58,1905,NF,NaturalHistory,A,B,C,"  ) bonariensis, is black in hue throughout, and is naturally also called the blackbird. It is of about the same size as the blackbird of this country,"
226,1905,NF,NaturalHistory,A,B,C,"  naturally also called the blackbird. It is of about the same size as the blackbird of this country, and is like it, a typical Passerine, with the"
382,1905,MAG,Atlantic,A,B,C,"  character, so to speak, and his adaptability. His European cousin, the blackbird, is less protectively colored, but is of similar habits and disposition, and"
201,1909,FIC,GirlLimberlost,A,B,C,"  high branches a dove cooed and then a horse neighed shrilly. That set a blackbird crying, "" T'check, "" and a whole flock answered it. The crows"
217,1911,MAG,Nation,A,B,C,"  with the American bittern, with a quotation from Torrey. Next comes the crow blackbird, about whose habits and voice we find pertinent paragraphs by Merriam, Parkhurst,"
151,1912,FIC,Plunderer,A,B,C,"  letter read, "" that some of the men who were killed over at the Blackbird used to work for me down in California. Also that there are some women"
210,1912,NF,MothsLimberlost,A,B,C,"  store carried in my apron skirt, as I chanted: "" One for the blackbird, one for the crow; One for the cutworm and four to grow."
323,1912,MAG,Harpers,A,B,C,"  in a nearby apple-tree commenced its melodiously melancholy piping, and was answered by a blackbird from a lilac bush, till in a few minutes the whole valley was alive"
415,1912,FIC,Plunderer,A,B,C,"  for me. Even then they were hopeless. Most of the men of the Blackbird were good men, too. The kind that have families, and are steady"
427,1912,NF,MothsLimberlost,A,B,C,"  seemed to need was a high start to be able to sail with the sentinel blackbird, that perched on the big oak, and with one sharp' T'check!"
438,1912,FIC,HousePrideOther,A,B,C,"  Yung, "" which handled anything from India silks and ginseng to guano islands and blackbird brigs. In the meantime, Ah Chun hired out as cook. He was"
447,1912,FIC,Plunderer,A,B,C,"  my driver never has anything to say to anybody. Why, it's the Blackbird mine over across the divide -- on the east spur. Bad, old fashioned"
457,1912,NF,MothsLimberlost,A,B,C,"  few days later, while watching with a camera focused on the nest of a blackbird in Mrs. Corson's woods east of town, Raymond, who was assisting me"
461,1912,MAG,Harpers,A,B,C,"  the whole valley was alive with sung. The tones of the thrush and the blackbird had been depicted in a Chopin ballade the night before, but I should never"
10,1914,FIC,DianeGreenVan,A,B,C,"  "" "" Tell me, Keela, what does it mean? "" "" Red-winged blackbird, "" said Keela. It was eminently fitting, thought Diane, and glanced"
25,1914,FIC,DianeGreenVan,A,B,C,"  are you so quiet? "" "" I am ever quiet, "" said Red-winged Blackbird with dignity. "" Mic-co says it is better so. "" "" Why?"
191,1914,FIC,DianeGreenVan,A,B,C,"  my poor, motherless little girl be Diane. Nanca called her "" Little Red-winged Blackbird! "" I believe at the end she was thinking of the little girl we"
220,1914,FIC,DianeGreenVan,A,B,C,"  birth of his daughter, a tiny little elf whom Nanca has named "" Red-winged Blackbird, "" he tried to run away, and the Indians killed him. Red-winged"
318,1914,FIC,DianeGreenVan,A,B,C,"  gently raised her to her feet again and squarely met her eyes. "" Red-winged Blackbird, "" he said quietly, "" there is much that I must tell you"
327,1914,FIC,DianeGreenVan,A,B,C,"  which pervaded the lodge like the breath of some vivid wild flower. "" Red-winged Blackbird, "" said Carl, one morning, laying aside the flute which had been"
348,1914,FIC,DianeGreenVan,A,B,C,"  , "" he tried to run away, and the Indians killed him. Red-winged Blackbird! Keela then was the child of the artist! The old Spaniard in his"
495,1914,FIC,DianeGreenVan,A,B,C,"  , "" to whom I have told all things. The one friend, Red-winged Blackbird, who always understood! "" "" I, "" said Keela with majesty,"
425,1915,FIC,PrudenceParsonage,A,B,C,"  unusual, something very much out of the ordinary! Suppose you should see a blackbird running a race down the street with a sparrow, what would you call it"
26,1917,FIC,Barbarians,A,B,C,"  dieu, monsieur, there is liberty of speech for all in France. That blackbird might be glad to know your name if you choose to tell him. """
93,1917,FIC,Barbarians,A,B,C,  bullfinch was piping lustily in a young tree as she began her task; a blackbird answered from somewhere among the hawthorns with a bewildering series of complicated trills. As
107,1917,FIC,Barbarians,A,B,C,"  words that she improvised to fit it -- vrai chanson de laveuse: "" A blackbird whistles I love! Over the thistles Butterflies hover, Each with her lover In"
130,1917,FIC,Barbarians,A,B,C,"  soaped and scrubbed, kneeling there in the meadow grass above the pool. The blackbird came quite near to watch her; the bullfinch, attracted by her childish voice"
256,1919,FIC,LittleMissBy-The-,A,B,C,"  Margot? -- Oh, look, look! "" she pointed joyously to a blackbird on top the swaying maple outside her window. He whistled -- she whistled,"
4,1920,FIC,TaleGrandfather,A,B,C,"  Nobody said' twenty!' "" "" That's so, "" said Mr. Blackbird. "" It was forty. "" Grandfather Mole was staggered. But he did"
7,1920,FIC,TaleGrandfather,A,B,C,"  . And since Grandfather Mole spent more than half the time in digging, Mr. Blackbird felt that on the whole their bargain had proved a good one. When Farmer"
11,1920,FIC,TaleGrandfather,A,B,C,"  with my bill. "" Somehow Grandfather Mole did not appear as delighted as Mr. Blackbird had expected. "" How can I follow the plough when I can't see"
15,1920,FIC,TaleGrandfather,A,B,C,  X MRS. ROBIN'S WISH 43 XI SURPRISING GRANDFATHER MOLE 47 XII MR. BLACKBIRD'S ADVICE 52 XIII TURNING OVER A NEW LEAF 56 XIV THE NEW SUNSHADE 61
16,1920,FIC,TaleGrandfather,A,B,C,"  . For I know he'll be delighted to hear it. "" Then Mr. Blackbird did an ungentlemanly thing. He winked at Jolly Robin's wife. But he"
22,1920,FIC,TaleBobbyBobolink,A,B,C,"  when I last saw him. "" "" When was that? "" Mr. Red-winged Blackbird inquired. "" About the middle of last summer! "" Mr. Meadowlark explained."
24,1920,FIC,TaleBobbyBobolink,A,B,C,"  a songster anywhere that can carol so joyfully as Bobby Bobolink. "" Mr. Red-winged Blackbird did not dispute that statement. How could he, when the birds were all"
29,1920,FIC,TaleBobbyBobolink,A,B,C,"  eat a bird than not. And he couldn't help wondering whether a Skunk Blackbird might be as dangerous. "" Then some people do call you that! """
30,1920,FIC,TaleBobbyBobolink,A,B,C,"  Red-winged Blackbird demanded. "" I do! "" Bobby Bobolink admitted. Mr. Red-winged Blackbird edged away slightly. Skunks, he knew, would rather eat a bird than"
32,1920,FIC,TaleGrandfather,A,B,C,  anybody sorry to see him go. Most of the feathered folk agreed that Mr. Blackbird ought not to have spoken as he did to Grandfather Mole. But Jolly Robin
55,1920,FIC,TaleBobbyBobolink,A,B,C,"  to say that he was telling the truth, do you? "" Mr. Red-winged Blackbird demanded. "" I do! "" Bobby Bobolink admitted. Mr. Red-winged Blackbird edged"
56,1920,FIC,TaleBobbyBobolink,A,B,C,  if he knew Bobby a great deal better than anybody else did. Mr. Red-winged Blackbird never tired of telling the neighbors about the good times he and Bobby had together
59,1920,FIC,TaleBobbyBobolink,A,B,C,"  hint that he did such a thing. And now he glared at Mr. Red-winged Blackbird, who continued to wink at him. "" Is there something in your eye"
61,1920,FIC,TaleBobbyBobolink,A,B,C,"  flew to the swampy place where the rushes grew, just to find a Red-winged Blackbird that he knew, in order to learn whether he had seen or heard the"
66,1920,FIC,TaleBobbyBobolink,A,B,C,"  huge joke. And he sang several humorous songs before he turned to Mr. Red-winged Blackbird and said: "" I can tell you one thing. I'd rather be"
67,1920,FIC,TaleBobbyBobolink,A,B,C,"  much mistaken the planters actually order him out of their fields. "" Mr. Red-winged Blackbird told Mr. Crow that he hadn't a doubt that everything Mr. Crow said was"
69,1920,FIC,TaleGrandfather,A,B,C,"  for his advice, he turned away and burrowed out of sight. Then Mr. Blackbird selected a good many choice tidbits here and there, which he bolted with gusto"
74,1920,FIC,TaleBobbyBobolink,A,B,C,"  "" Certainly! "" said Bobby. And he laughed so merrily that Mr. Red-winged Blackbird had to believe him. "" I was scared, for a moment, """
76,1920,FIC,TaleBobbyBobolink,A,B,C,"  won't know who he is? "" "" Certainly not! "" Mr. Red-winged Blackbird snapped. "" Only a stupid person would ask such a question as that."
77,1920,FIC,TaleBobbyBobolink,A,B,C,"  in your eye? "" Mr. Crow inquired in his coldest manner. Mr. Red-winged Blackbird had no wish to make Mr. Crow angry. So he stopped winking at once"
81,1920,FIC,TaleGrandfather,A,B,C,  speaking when Grandfather Mole poked his head from beneath a head of lettuce. Mr. Blackbird was just about to begin his breakfast. But he paused when he saw Grandfather
82,1920,FIC,TaleBobbyBobolink,A,B,C,"  . "" How does it happen, "" Mr. Crow inquired slyly of Mr. Red-winged Blackbird, "" that your friend Bobby Bobolink has all these names? It can't"
87,1920,FIC,TaleGrandfather,A,B,C,"  for eating, too, "" he observed. Grandfather Mole soon confessed that Mr. Blackbird's mention of angleworms had made him so hungry that he was ready to promise"
90,1920,FIC,TaleBobbyBobolink,A,B,C,"  wear one like it this summer. "" "" Wait! "" was Mr. Red-winged Blackbird's mysterious answer. "" Wait! And I promise you won't be disappointed"
92,1920,FIC,TaleBobbyBobolink,A,B,C,"  to be seen with him, on account of his dashing appearance. Mr. Red-winged Blackbird was especially fond of Bobby's companionship. And he was forever speaking of his"
104,1920,FIC,TaleGrandfather,A,B,C,"  work feeding her nestlings. "" How are the pickings this morning? "" Mr. Blackbird called to her. "" I'm finding plenty for my children to eat -- if that"
108,1920,FIC,TaleGrandfather,A,B,C,  XXV STUBBORN AS EVER FARMER GREEN hadn't finished ploughing his first furrow before Mr. Blackbird and Grandfather Mole began breakfasting on the angleworms that the plough turned up. Very
110,1920,FIC,TaleBobbyBobolink,A,B,C,"  with your own clothes? "" Mr. Meadowlark inquired -- meaning that in his opinion Mr. Red-winged Blackbird's black suit, with the shoulders scarlet and buff, was about as striking"
113,1920,FIC,TaleGrandfather,A,B,C,"  cried. "" What brings you to the surface? "" Grandfather Mole knew Mr. Blackbird's voice at once. "" I'm glad you're here! "" he"
116,1920,FIC,TaleGrandfather,A,B,C,"  Mole was staggered. But he didn't dare object again, for fear Mr. Blackbird would double the number once more and make it eighty. "" Agreed! """
118,1920,FIC,TaleBobbyBobolink,A,B,C,"  . "" "" What's the matter with your own singing? "" Mr. Red-winged Blackbird asked him -- meaning that in his opinion Mr. Meadowlark had no reason to be ashamed of"
135,1920,FIC,TaleBobbyBobolink,A,B,C,"  had time to think of a retort. "" The idea! "" Mr. Red-winged Blackbird exclaimed to Bobby Bobolink, gazing after Mr. Crow with an injured air. """
137,1920,FIC,TaleGrandfather,A,B,C,"  . "" I should think you'd turn over a new leaf, "" Mr. Blackbird told him severely. And Grandfather Mole promised that he would. "" I'll"
145,1920,FIC,TaleGrandfather,A,B,C,"  in the middle of the night wouldn't do me any good, "" Mr. Blackbird complained. "" I'm always asleep at that time. "" "" You'd"
146,1920,FIC,TaleBobbyBobolink,A,B,C,  then Bobby Bobolink himself flashed across the meadow and joined them. And Mr. Red-winged Blackbird began to talk about the weather. He was afraid that Mr. Crow intended to
158,1920,MAG,Atlantic,A,B,C,"  deer and a duck and a turkey and a fish and a colt and a blackbird. And I did say in a real quick way,' A pig is"
162,1920,FIC,TaleGrandfather,A,B,C,"  do that. "" But you're forgetting Henry Hawk! "" he reminded Mr. Blackbird. "" Farmer Green ploughs in the daytime. And Henry Hawk might see me"
168,1920,FIC,TaleBobbyBobolink,A,B,C,"  was watching for. Perched upon a swaying last year's cattail, Mr. Red-winged Blackbird shook his head in reply. And he said that no doubt it would be"
172,1920,FIC,TaleGrandfather,A,B,C,"  "" You're a goose to work so hard for your food, "" Mr. Blackbird jeered one fine spring day as he sat on the garden fence and looked down"
173,1920,FIC,TaleGrandfather,A,B,C,"  he was ready to promise to do as Mr. Blackbird had proposed. So Mr. Blackbird cried that it was a bargain. "" And now, "" he said,"
175,1920,FIC,TaleGrandfather,A,B,C,"  afterward to have been a hearty meal and big enough for any one, Mr. Blackbird began to scold. He announced that there wasn't any use of his looking"
176,1920,FIC,TaleGrandfather,A,B,C,"  good one. When Farmer Green had finished the last furrow in the field Mr. Blackbird told Grandfather Mole that the ploughing had come to an end. "" And now"
177,1920,FIC,TaleGrandfather,A,B,C,"  couldn't resist burrowing in the loose earth now and then. It pleased Mr. Blackbird to see him amuse himself in that fashion, because while he was digging Grandfather"
181,1920,FIC,TaleBobbyBobolink,A,B,C,"  scarlet and buff, was about as striking as anybody could want. Mr. Red-winged Blackbird was pleased. Anybody could see that. He bowed and spread his wings and"
182,1920,FIC,TaleGrandfather,A,B,C,"  It was one o'clock in the morning. "" And in spite of everything Mr. Blackbird said, Grandfather Mole wouldn't change the time. Everybody knew that he was"
185,1920,FIC,TaleBobbyBobolink,A,B,C,"  old Mr. Crow, or his noisy cousin, Jasper Jay, or perhaps Mr. Blackbird. And later there would be something in the nest that would have made a"
186,1920,FIC,TaleBobbyBobolink,A,B,C,"  then added, with a smirk. "" Oh, very! "" Mr. Red-winged Blackbird answered for his friend. Mr. Crow turned a snapping eye on him, and"
187,1920,FIC,TaleGrandfather,A,B,C,"  . "" You can't teach an old Mole new tricks, "" said Mr. Blackbird. XIV THE NEW SUNSHADE GRANDFATHER MOLE was resting in the shade of a toadstool"
196,1920,FIC,TaleGrandfather,A,B,C,"  turned over a new one every day since I last saw you. "" Mr. Blackbird replied that he was glad to know it. Illustration: Grandfather Mole Greets Mr."
197,1920,FIC,TaleGrandfather,A,B,C,"  strong feet all served to make him the fastest digger in Pleasant Valley. Mr. Blackbird regarded him with a sly smile. "" You seem to be built for eating"
205,1920,FIC,TaleBobbyBobolink,A,B,C,"  "" I can tell you one thing. I'd rather be called a Skunk Blackbird than a Skunk Crow, any day! "" XIII MR. CATBIRD'S TRICK"
218,1920,FIC,TaleGrandfather,A,B,C,"  have them ready for you at midnight regularly. "" "" Midnight! "" Mr. Blackbird repeated after him, in great surprise. "" Nothing was said about' midnight"
233,1920,FIC,TaleGrandfather,A,B,C,"  his bargain with Grandfather Mole, for Grandfather was even a greater eater than Mr. Blackbird had supposed. Mr. Blackbird began to be afraid that there wouldn't be worms"
239,1920,FIC,TaleGrandfather,A,B,C,"  he inquired. "" What's a better way than mine? "" But Mr. Blackbird was in no hurry to tell all he knew. "" Suppose, "" he"
242,1920,FIC,TaleBobbyBobolink,A,B,C,"  This is the second suit he has had since then, "" said Mr. Red-winged Blackbird. "" If you had been with us in the swamp last fall you'd"
246,1920,FIC,TaleGrandfather,A,B,C,"  Mole began breakfasting on the angleworms that the plough turned up. Very soon Mr. Blackbird began to regret his bargain with Grandfather Mole, for Grandfather was even a greater"
252,1920,FIC,TaleGrandfather,A,B,C,"  Grandfather Mole's neighbors sneered at him, and said he was queer. Mr. Blackbird was one of these scoffers. Though he was a lazy scamp, he always"
255,1920,FIC,RiverProphet,A,B,C,  pleased her fancy. The names along this bit of river awakened her interest; Blackbird Island was clearly described: Buffalo Island harked back many years into tradition; Dogtooth
260,1920,FIC,TaleBobbyBobolink,A,B,C,"  to get his notes out fast enough. "" "" Yes! "" Mr. Red-winged Blackbird chimed in. "" He's a cheerful, happy-go-lucky chap. And he wears"
263,1920,FIC,TaleGrandfather,A,B,C,"  his angleworms you can. "" Grandfather Mole was thunderstruck. After pondering over Mr. Blackbird's speech for a few moments he raised his head. "" What shall I"
274,1920,FIC,TaleGrandfather,A,B,C,"  Farmer Green. "" "" There's no doubt that it will, "" Mr. Blackbird assured him in a slightly more amiable tone. A hopeful look came into Grandfather"
297,1920,FIC,TaleGrandfather,A,B,C,"  see where it's going? "" he asked. "" Silly! "" Mr. Blackbird jeered. "" You can find your way along a furrow, can't you"
298,1920,MAG,Atlantic,A,B,C,"  dindon and a fish is a poisson and a colt is a poulain and a blackbird is a merle.' And after each one I did say, teache did"
299,1920,FIC,TaleGrandfather,A,B,C,"  he drew forth a huge angleworm, which quickly disappeared down his throat. Mr. Blackbird choked; and not over anything he was eating, either. He choked because"
309,1920,FIC,TaleGrandfather,A,B,C,"  to notice you if you crept along the bottom of a furrow, "" Mr. Blackbird assured Grandfather Mole. "" Anyhow, I'll be there. And I'll"
333,1920,FIC,TaleBobbyBobolink,A,B,C,"  Crow intended to be disagreeable. XII MR. CROW IS DISAGREEABLE ALTHOUGH Mr. Red-winged Blackbird talked about the weather as fast as he could, his chatter did not prevent"
339,1920,FIC,TaleGrandfather,A,B,C,"  , for Grandfather was even a greater eater than Mr. Blackbird had supposed. Mr. Blackbird began to be afraid that there wouldn't be worms enough left for himself."
340,1920,MAG,Atlantic,A,B,C,"  dindon and a fish is a poisson and a colt is a poulain and a blackbird is a merle. So I do know, for Angel Father always did call"
353,1920,FIC,TaleGrandfather,A,B,C,"  Mole. And she had given him a surprise, too. XII MR. BLACKBIRD'S ADVICE OUT of the pine woods beyond the meadow Mr. Blackbird sometimes came to"
356,1920,FIC,TaleGrandfather,A,B,C,  that he should never come there again because Grandfather Mole was too greedy. Mr. Blackbird said that Grandfather Mole didn't leave enough angleworms to make it worth his while
358,1920,FIC,TaleBobbyBobolink,A,B,C,"  finds it hard to leave the rice fields in the South, "" Mr. Red-winged Blackbird observed with a knowing wink at old Mr. Crow, as the two stopped for"
362,1920,FIC,TaleBobbyBobolink,A,B,C,"  stripes of white down each side and meeting on my back. "" Mr. Red-winged Blackbird stared at him. "" Then, "" he asked, "" that's the"
369,1920,FIC,TaleBobbyBobolink,A,B,C,"  "" By the way, "" Mr. Meadowlark said in an undertone to Mr. Red-winged Blackbird, "" our friend Bobby has a different suit from the one he wore when"
370,1920,FIC,TaleBobbyBobolink,A,B,C,"  wish he had stayed in the rice fields, down South. "" Mr. Red-winged Blackbird smiled. And he told old Mr. Crow not to worry. "" Bobby Bobolink"
374,1920,FIC,TaleGrandfather,A,B,C,"  better way than yours! "" Naturally, Grandfather Mole couldn't look at Mr. Blackbird. But he raised his head in his odd fashion. "" What's that"
376,1920,FIC,TaleGrandfather,A,B,C,"  for you. "" Now that was very like the sort of remark that Mr. Blackbird himself had once made to Grandfather Mole. But coming from Grandfather Mole the suggestion"
377,1920,FIC,TaleBobbyBobolink,A,B,C,"  "" Not yet! Maybe he isn't coming here this summer. "" Mr. Blackbird liked to tease little Mr. Chippy. And generally when he tried to, he"
378,1920,FIC,TaleGrandfather,A,B,C,"  had made him so hungry that he was ready to promise to do as Mr. Blackbird had proposed. So Mr. Blackbird cried that it was a bargain. "" And"
384,1920,FIC,TaleBobbyBobolink,A,B,C,"  May Day. "" It's rice-planting time in the South, "" Mr. Red-winged Blackbird explained. "" Somewhat like corn-planting time here! "" And he winked once more"
398,1920,FIC,TaleBobbyBobolink,A,B,C,"  . "" Mr. Crow coughed; and he shot a sidelong look at Mr. Red-winged Blackbird. "" It must be pleasant to have so many fine names, "" Mr."
405,1920,FIC,TaleGrandfather,A,B,C,"  eat -- if that's what you mean, "" Mrs. Robin replied somewhat haughtily. Mr. Blackbird laughed in the sleeve of his black coat. The rascal delighted in using language"
406,1920,FIC,TaleBobbyBobolink,A,B,C,"  "" Have you heard his song? "" little Mr. Chippy inquired eagerly of Mr. Blackbird. "" No! "" that dusky rascal replied. "" Not yet! Maybe"
421,1920,FIC,TaleBobbyBobolink,A,B,C,"  III GREETINGS AS fast as they could fly, old Mr. Crow and Mr. Red-winged Blackbird hurried over to the meadow, where they had heard Bobby Bobolink's bubbling notes"
426,1920,FIC,TaleGrandfather,A,B,C,"  . A hopeful look came into Grandfather Mole's face. And after thanking Mr. Blackbird for his advice, he turned away and burrowed out of sight. Then Mr."
431,1920,FIC,PoemsHenryVanDyke,A,B,C,"  English gardens, green and bright and full of fruity treasure, I heard the blackbird with delight repeat his merry measure: The ballad was a pleasant one, the"
432,1920,FIC,TaleBobbyBobolink,A,B,C,"  anybody in the valley that has more names than Bobby Bobolink, "" Mr. Red-winged Blackbird said to Mr. Crow one day. "" Some people call him the Reed Bird"
436,1920,FIC,TaleBobbyBobolink,A,B,C,"  short visit in the meadow, "" to see a friend. "" Mr. Red-winged Blackbird called "" Conk-err-ee! "" several times to Bobby Bobolink, meaning that he was"
450,1920,FIC,TaleGrandfather,A,B,C,  XII MR. BLACKBIRD'S ADVICE OUT of the pine woods beyond the meadow Mr. Blackbird sometimes came to breakfast in Farmer Green's garden. He claimed that he came
456,1920,FIC,TaleBobbyBobolink,A,B,C,"  all the elegant names you've spoken of, he's nothing but a Skunk Blackbird after all! "" And with a loud haw-haw Mr. Crow rose upon the breeze"
458,1920,FIC,TaleGrandfather,A,B,C,"  n't been a word said about the number of angleworms he was to supply Mr. Blackbird. "" Twenty! "" he exclaimed. "" Nobody said' twenty!'"
464,1920,FIC,TaleGrandfather,A,B,C,"  Henry Hawk appears in the sky. "" Grandfather Mole was relieved. And Mr. Blackbird told him to be ready the next morning. XXV STUBBORN AS EVER FARMER GREEN"
45,1921,FIC,ChildrenWhirlwind,A,B,C,"  in lazy surprise. It was as soft and rich as the breast of a blackbird, and the fire had laid over it a sheen of rainbow lights. """
303,1921,FIC,DesertValley,A,B,C,"  gay colour against the grey monotony, feathers of the bluebird, the redbird, blackbird and dove. Scabbardless, tied with a bit of thong close to the feathers"
46,1922,FIC,MyRobin,A,B,C,"  not a thrush, or a linnet or a sparrow or a starling or a blackbird. He was a little indeterminate-colored bird and he had no red on his breast"
101,1922,FIC,VehementFlame,A,B,C,"  the spiritual part of Maurice alive, -- (and because Lily was a white blackbird!) the bet stood. But he made no promises about the future."
103,1922,FIC,VoyagesDrDolittle,A,B,C,"  he had left the stock-pot boiling on the kitchen-fire. However, we saw a blackbird flying by who nested in our garden, and the Doctor asked her to go"
140,1922,FIC,JaneJourneysOn,A,B,C,"  lie I'm telling you. Tall and fine I was, hair like a blackbird's wing, skin like new milk with the flush of the dawn on it"
230,1922,NF,AfootInEngland,A,B,C,"  pleasant talkee-talkee went on as before. About five minutes passed, then the hunted blackbird returned, and, going to the identical spot from which he had been driven"
262,1922,FIC,VehementFlame,A,B,C,"  child. In his amazement now, at this revelation of an unknown Lily -- a white blackbird Lily! - - he began, angrily, to argue: "" It is impossible for"
273,1922,NF,AfootInEngland,A,B,C,"  persecutions continued, increasing in fury until they could not be borne, and the blackbird tried to escape by hiding in the bramble. But he was not permitted to"
279,1922,FIC,VehementFlame,A,B,C,"  love. "" She'll leave it on a convenient doorstep -- unless she's a white blackbird, "" Henry Houghton had said. Maurice, too, had taken for granted"
283,1922,NF,AfootInEngland,A,B,C,"  came, but no sooner had he touched his feet to the ground than the blackbird went straight at him with extraordinary fury. The chaffinch, taken by surprise,"
326,1922,FIC,VoyagesDrDolittle,A,B,C,"  doctor's garden -- Look! You see that sparrow on the sundial, swearing at the blackbird down below? Well, he has been coming here every summer for years."
403,1922,NF,AfootInEngland,A,B,C,"  often discharges itself in this way in little pretended attacks and fights. But the blackbird had no play and no fight in him, no heart to defend himself;"
409,1922,NF,MalayArchipelago,A,B,C,"  is just as if the Isle of Man possessed a peculiar species of thrush and blackbird, distinct from the birds which are common to England and Ireland. These curious"
418,1922,NF,AfootInEngland,A,B,C,"  they went quite away, and were lost to sight. By and by the blackbird returned alone, and, going once more to his place near the second bird"
477,1922,NF,AfootInEngland,A,B,C,"  in bird life with a very proper ending. It was clear that the sick blackbird had bitterly resented the treatment he had received; that, brooding on it out"
489,1922,NF,AfootInEngland,A,B,C,"  , now high up in the trees, now down to the ground, the blackbird always close behind; and no little bird flying from a hawk could have exhibited"
193,1926,MAG,Atlantic,A,B,C,"  , both those that we put out into wild nests of the native thrush and blackbird and those brought up in captivity. Every method we could think of was adopted"
494,1926,MAG,Atlantic,A,B,C,"  whose notes have been made famous through an ingenious poem by Robert Browning, the blackbird, perhaps the best singer in the British Isles, and the fieldfare, which"
5,1927,MAG,GoodHouse,A,B,C,  the next spring I came at last to distinguish the songs of the thrush and blackbird. The world of bird-lovers is divided on the question of which is the lovelier
290,1927,MAG,GoodHouse,A,B,C,"  even, is now so evidently characteristic to my ear. The pitch of the blackbird's song is lower, of a more golden tone; his phrase is one"
328,1927,MAG,GoodHouse,A,B,C,"  . The thrush is all ardent reiteration and seems to celebrate present delight; the blackbird, to brood over remembered happiness. "" My darling!? My darling!"
459,1927,MAG,GoodHouse,A,B,C,"  Come to me! Come to me! "" sings the thrush; while the blackbird says, "" Do you remember our first meeting, beloved? "" I symbolize"
228,1928,FIC,ExcitingAdventures,A,B,C,"  in the top of the tall butternut tree, and pretended that he was Mister Blackbird, and he sang Mister Blackbird's song all the way through. Then he"
267,1928,FIC,ExcitingAdventures,A,B,C,"  butternut tree, and pretended that he was Mister Blackbird, and he sang Mister Blackbird's song all the way through. Then he said "" Meow! "" and"
311,1928,MAG,Time,A,B,C,"  . His plane had new features: an expanding and contracting tail, like a blackbird's, for varying loads; variable camber in the wings, so that they"
364,1931,MAG,Harpers,A,B,C,"  chicken yard offered plentiful feathers; color was added by the shoulders of a red-winged blackbird, for which I dickered with a boy who was a budding taxidermist. These"
433,1932,MAG,Atlantic,A,B,C,"  liked to think of himself as a working craftsman, his work anonymous as a blackbird's song; and he charged so much an hour for his work. His"
120,1933,NF,scan,A,B,C,"  , in the semi-syntactic blue-eyed the members have the same construction as in the syntactic blackbird, in three-master the same as in three-day, in housekeep, turnkey the same"
134,1933,NF,scan,A,B,C,"  into consideration, we can say the same of a speaker who uses the term blackbird of the species of bird to which it customarily applies, for the compound bears"
200,1933,NF,scan,A,B,C,"  words in a phrase; thus, in English, the members of the compounds blackbird and whitecap (the difference between these two examples will concern us later) show"
232,1933,NF,scan,A,B,C,"  find forms which lie on the border between words and phrases. A form like blackbird resembles a twoword phrase (black bird), but we shall find that a"
236,1933,NF,scan,A,B,C,"  and exocentric constructions which we met in syntax (? 12.10). Since a blackbird is a kind of a bird, and a door-knob a kind of a knob"
261,1933,NF,scan,A,B,C,"  In meaning, compound words are usually more specialized than phrases; for instance, blackbird, denoting a bird of a particular species, is more specialized than the phrase"
268,1933,NF,scan,A,B,C,"  , by formal characteristics, recognizes narrowed meanings in certain combinations. For instance, blackbird is not merely any black bird': in this combination the meaning of black"
301,1933,NF,scan,A,B,C,"  As a border region we have phrase-words (jack-in-the-pulpit) and some compound words (blackbird), which contain no bound forms among their immediate constituents, and yet in"
373,1933,NF,scan,A,B,C,"  determinatives, a special class of syntactic attribute-and-head compounds (karmadharaya), such as blackbird. 14. 6. The other frequently usable line of classification concerns the relation of"
397,1933,NF,scan,A,B,C,"  . The linguist can determine, for instance, that English compounds of the type blackbird, bluebird, whitefish, or phrases of the type give out, fall out"
401,1933,NF,scan,A,B,C,"  are paralleled by the members, as, in English, adjective with noun (blackbird, whitecap, bull's-eye), verb with goal noun (lickspittle, dreadnaught)"
448,1933,NF,scan,A,B,C,"  should say, bluish-black? birds, but we do not use the compound word blackbird with a similar interruption. In some instances, however, other features may lead"
480,1933,NF,scan,A,B,C,"  compound) word. In this case there is a clear-cut difference, since in blackbird the second word (bird), has a weaker stress instead of a normal"
337,1934,FIC,Mother,A,B,C,  there was but the voice of the wind and the loud bright music of a blackbird in a pomegranate-tree. And when she went into the dark room and saw the
47,1935,FIC,TimeOutMind,A,B,C,"  closer. "" Two of' em, as different a pair as a red-winged blackbird's two sides. One's dark, and one's red, and their"
105,1936,FIC,DeathMan,A,B,C,"  Ja, ja, the doctor's coming down the hall. "" Suddenly the blackbird flew in over their heads and the intaken "" all "" of the children's"
124,1936,FIC,DeathMan,A,B,C,"  Karli in | wild trembling joy. There was the bright yellow beak of the blackbird so close above him, so clean and brilliant, and the little bare featherless"
167,1936,FIC,DeathMan,A,B,C,"  flown into the room. "" Look, Herr Doktor, the blackbird, the blackbird! "" cried the children's voices together as Dr. Prochaska came through the doorway"
468,1936,FIC,DeathMan,A,B,C,"  bird that had flown into the room. "" Look, Herr Doktor, the blackbird, the blackbird! "" cried the children's voices together as Dr. Prochaska came"
266,1937,FIC,Harpers,A,B,C,"  stopped nor continued her flight. She merely half turned, pausing like a swamp blackbird alighting on a swaying willow, wings still a-flutter. Easter's craven tongue found"
75,1938,FIC,SingleHound,A,B,C,"  again that summer dizziness, that curious fatigue of the past two weeks. P107THE blackbird was singing in anticipation of the cherries, which were still hard green stones but"
114,1938,FIC,Rebecca,A,B,C,"  the living tree from which it came. Then the birds began. First a blackbird, his note clear and cool above the running stream, and after a moment"
284,1938,FIC,Rebecca,A,B,C,"  rain and the rivulet mingled with one another, and the liquid note of the blackbird fell upon the damp air in harmony with them both. I brushed the dripping"
1,1939,FIC,SongYears,A,B,C,"  . Wayne, going to town once for some necessary supplies, had to swim Blackbird through such high water in front of the east-side taverns that he wished he had"
194,1939,FIC,SongYears,A,B,C,"  summer where according to them everything was better than here. Wayne rode in on Blackbird. Ed Armitage came tearing up to the lean-to door and, thinking to frighten"
227,1939,FIC,BigSleep,A,B,C,"  , creeping into them noiselessly, like a cat in long grass stalking a young blackbird. "" If you're dressed when I get back, you'll get the"
52,1940,FIC,MrsMiniver,A,B,C,"  bonfire drifted, blue and sweet, across the potato-patch. An invisible, indefatigable blackbird went on saying "" Doh-mi! "" from somewhere on the other side of Carter"
400,1942,NF,ColorDesignInApparel,A,B,C,  products. Black panthers and black cats and dogs are comparatively rare. Even the blackbird has a touch of red beneath his wings. The all-black costume is funereal and
80,1943,FIC,Harpers,A,B,C,"  best cuts of meat are reserved for the dead, where, if a white blackbird has been seen, no more work may be done that day, where it"
13,1944,FIC,HistoryRomeHanks,A,B,C,"  six more and a couple of squaws to boot. He said, hair like blackbird wing. Myra blushed and said, Oh, Papa! And Mr. Beckham said"
126,1944,FIC,CrazyWeather,A,B,C,"  him off! "" in English. The Piute dived into the willows like a blackbird diving into a tule bed. Somehow South Boy managed to get an arrow across"
471,1945,FIC,LionIsInStreets,A,B,C,"  his eyes on the back of his hands he looked around. "" Sec yonder blackbird in the pecan tree far side a' Tim's house? lIe's a-scttin"
19,1946,FIC,SnakePit,A,B,C,"  "" Buffler country yit? "" "" Quick now. Purty quick. "" To Blackbird Hill, where a chief was buried; to Floyd's Bluff, the river"
142,1946,FIC,MiracleBells,A,B,C,  He made whistles of willow and with their help could imitate any bird sound from blackbird to meadow lark. He knew every wild flower -- where the first butter yellow
342,1946,MAG,Time,A,B,C,"  Fresno, Calif., a golf ball lustily swatted by C. S. Swanson smacked a blackbird, dropped four feet from the cup, was holed for a birdie. #"
411,1946,FIC,PavilionWomen,A,B,C,"  But the sprays of berries on the Indian bamboo were growingscarlet and heavy. A blackbird sat perched on a rock, eating them, and Ying ran at him to"
357,1947,NEWS,NYT-Let,A,B,C,"  Energy "" in answer to "" One Who Is Puzzled "" over the long-billed "" blackbird that drinks and stops and drinks and stops all day long, "" in the"
50,1948,FIC,TownWithFunnyName,A,B,C,"  private owners; a genuine liberal among the owners was as rare as a white blackbird, and that was why opinion in America lagged so far behind mechanical development --"
343,1948,FIC,Play:AnneThousand,A,B,C,"  's a glum bird that portends no good. CROMWELL enters from stage leftPortend, blackbird, portend. THOMAS CROMWELL I come to tell Your Majesty that you have perhaps"
183,1951,FIC,CruelSea,A,B,C,"  . Sally was running ahead of me and Whaley, answering the whistle of a blackbird, swinging on branches of trees that grew out of the rocky declivity toward the"
237,1951,MAG,Harpers,A,B,C,"  East. "" Melvina was young and pretty with hair like the sheen on a blackbird's feather, and as good to me as my own mother. Young enough"
446,1951,FIC,CruelSea,A,B,C,"  up into a half-greened hazel, to show us the nest of a thrush or blackbird. She lifted out the eggs: the blue with black spots, the green"
102,1953,FIC,VelvetDoublet,A,B,C,"  my arm and motionedhis head toward the Medusa. "" Worth more than a Guinea blackbird, that one is. "" "" Aye, "" I replied. "" Whence"
127,1953,FIC,VelvetDoublet,A,B,C,"  Santa Maria and bargained openly for our contraband, and Arcos did well with his blackbird and The Rabbit even better by swearing that his man was an Ethiopian of the"
360,1953,FIC,VelvetDoublet,A,B,C,"  In lieu of this chest, I could have space in the hold for one blackbird, his keep to be deducted from my pay. My own keep was furnished"
189,1956,FIC,Greenwillow,A,B,C,"  the oven door. On its broad shiny top, the teakettle whistled like a blackbird, trying to hold its lid over the excited puffs of steam. Then,"
247,1956,FIC,BoonIsland,A,B,C,"  for his music too. His music that was Stardust, StormyWeather, Bye Bye Blackbird, A Good Man Is Hard To Find, My Bill, Paper Doll,"
23,1957,FIC,RallyRoundFlag,A,B,C,"  the Arikaras, an arrogantferocious devil who had come into possession of magic. Like Blackbird, the Maha chief, when he foretold that a person would die the person"
97,1957,FIC,Play:Ione,A,B,C,"  death in the footprint of sand, The colour in the eye of the sick blackbird, The different colours of the butterfly's wing, The coats of the serpent"
288,1957,FIC,MrAudubonsLucy,A,B,C,"  looked at the drawings on the wall -- replacements in his collection -- the red-winged blackbird, the willet. Now, only a year later, his portfolios had begun"
444,1957,FIC,Play:Ione,A,B,C,"  beni nous.... Bless us..... THERESINE The blackbird is hunting the hawk, The smoke writhes to the south, A hole in"
123,1958,MAG,SatEvePost,A,B,C,"  one, "" Ace recalls, "" by letting Tallulah sing songs like Bye Bye Blackbird. even though she has a' voice like the mating call of a crow"
329,1959,MAG,Time,A,B,C,"  , popularized some of the classic songs of the' 20s (Bye, Bye Blackbird; Side by Side); after an auto accident; in Chicago. #"
33,1960,FIC,SouthAngels,A,B,C,"  his ears in her direction. "" It's an Indian name. It means blackbird. "" "" Does he skim along? Does he fly? "" "" He"
109,1960,FIC,SouthAngels,A,B,C,"  skims and he flies. "" "" We wouldn't call a black horse' Blackbird,' would we? "" "" We? "" He repeated the word,"
383,1960,FIC,FallHouseUsher,A,B,C,"  hither and thither in a wild dance that had no merriment in it. A blackbird flew under an old barrel by the wayside, and, ruffling himself into a"
466,1960,FIC,SouthAngels,A,B,C,"  wants to do everything alone. He pulls nine-tenths of every load. This old blackbird lopes along for the fun of it. "" "" What does Diamond think of"
380,1962,NF,ScienceLanguage,A,B,C,"  so on. Needless to say, a black bird is entirely distinct from a blackbird? and a hot house is not necessarily a hothouse. A baby buggy may"
462,1962,NF,ScienceLanguage,A,B,C,"  sentence in another language is made I. We have noun compounds developed from III-I (blackbird, bluejay, hothouse, electric shaver), from IV-I (dishpan, i.e."
125,1963,MAG,Time,A,B,C,"  one small Negro girl's drawing of herself in New Orleans as "" a lonely blackbird, cautiously winging her way toward the school, "" he observed that the youngest"
395,1963,FIC,GatesMountains,A,B,C,"  Borgne or the Partisan. In fact, said Mr. Dorion, the Omahas under Blackbird were a tribe which had invented the game of stopping upriver parties and demanding tribute"
449,1963,FIC,GatesMountains,A,B,C,"  Frenchman suggested that the chief's name ought to have been Blackmail, rather than Blackbird, but that in either event the smallpox had taken care of him, along"
451,1963,FIC,Mov:BirdsThe,A,B,C,"  of course, but of quite different species. The crow is brachyrhynchos. The blackbird is cyanocephalus. MELANIE Thank you. (to Deke) Do you know Dan"
141,1964,FIC,KillerInRain,A,B,C,"  of my head. My hat stirred lazily on my head, as though a blackbird had swooped at it during the nesting season. A nice kid. He was"
253,1964,MAG,Nation,A,B,C,"  , knives, and rape women. "" "" God made the bluebird and the blackbird, and you never see them in the same nest. "" And, - of"
289,1964,MAG,Time,A,B,C,  like the clubs because the wholesome entertainment reassures them that the boy singing Bye Bye Blackbird across the stein is not likely to turn out to be a mugger (and
14,1965,FIC,JournalFromEllipsia,A,B,C,"  church as ark -- whitewashed, barnacled, smelling of the sea. "" Betty Blackbird! "" he said. Big-boned and deadpan, Betty Blackburn sat blinking at him"
64,1965,FIC,JournalFromEllipsia,A,B,C,"  preached, he needed only an occasionalglance at his manuscript, typed out by Betty Blackbird on small half-sheets, but now he felt lashed to it, hardly dared lose"
346,1965,MAG,SatEvePost,A,B,C,"  to his right ear,'' They're playin' BYe. Bye, Blackbird! "" "" White niggers! White niggers! "" the woman in the brown-and-white-checked"
349,1965,FIC,JournalFromEllipsia,A,B,C,"  Betty Blackburn said, pointing a pencil at him. "" Blackballed. "" "" Blackbird, "" he said. "" They're going to strip me of my prayer"
470,1965,MAG,SatEvePost,A,B,C,"  Someone stole my underwear But I don't care If I go bare Bye-bye. blackbird. And enveloping all is that air of urgency, of total emotional involvement."
225,1966,NEWS,NYT-Let,A,B,C,  beyond; Measured against infinity such slender notes Are like the lonely call of a blackbird across snow. My ears hear but my mind listens to the silence Of the
270,1968,FIC,Triumph,A,B,C,"  will of God. "" "" Is that what your wife learns from that fat blackbird to whom she tells your sins? I suppose he teaches her that the North"
95,1970,FIC,Mov:RyansDaughter,A,B,C,"  SOUND the creak and jingle of tack and then the sudden frantic piping of a blackbird's alarm call, receding. The mare's hooves placed delicately on the soft"
161,1970,FIC,Mov:RyansDaughter,A,B,C,  her. She sways towards him. On SOUND again the frantic trill of a blackbird's alarm. We follow the horse as it moves away to: A still
215,1970,FIC,WheelLove,A,B,C,"  are standing together. "" Hey, lookit that, "" Frank says. A blackbird is caught in the scum, by one of the boats. It can't"
478,1970,FIC,Mov:RyansDaughter,A,B,C,"  green and gold. On SOUND the plaintive mechanical "" clink-clink-clink "" of the settling blackbird. One by one RANDOLPH undoes the buttons of her blouse. She is motionless"
488,1970,FIC,SingleFile,A,B,C,"  closed to everything except traffic sounds and the first six bars of "" Bye Bye Blackbird, "" he kept whistling variations as he trudged downtown. By morning her smells30were"
57,1971,FIC,Other,A,B,C,"  shall it be? "" Her eyes roved from object to object: a red-winged blackbird flitting on a twig, a dilapidated fence post, a rusting oil drum,"
454,1971,MAG,Time,A,B,C,"  found an almost dreamlike calm, the silence broken by only the cawing of a blackbird and the sound of popular music from a radio in an Israeli bunker. Visitors"
493,1971,FIC,Play:CowboyMouth,A,B,C,"  . There's nothing in my contract says I got ta have a rotting stuffed blackbird for a groupie. CAVALE Hey, shut up, will ya'? Raymond"
413,1974,FIC,LoveFeast,A,B,C,"  Old Maudie Redpath got so carried away she threatened to try dancing herself into a blackbird again, but Harry Hocktaw, who had been the one to pull her out"
219,1975,FIC,BeyondBedroomWall,A,B,C,"  When even I may do no more than this, she sighed, you cannotp151a blackbird perched on an elm bough, and the leaves made darkness beneath, she halted"
222,1975,FIC,BeyondBedroomWall,A,B,C,"  countryside as before, but long-shadowed under the falling sun and most quiet. A blackbird sat on a blackberry tangle, watched me and made pecking motions. From the"
31,1977,FIC,Harpers,A,B,C,"  them would agree to his being. If a hat swung by, perhaps the blackbird would cower: but t saMIIII -- assios es and the others would allow its"
479,1977,FIC,Harpers,A,B,C,"  cool of the e'. ning. Picture the scene, Here is a blackbird singing the bush. Does it fall silent and fly away with a curs?"
68,1979,FIC,PassionPlay,A,B,C,"  long, jabbed at the wet grass. One huge beast flew from a redwing blackbird circling in pursuit in the rain -- to account for what crow-crime? A jay"
234,1979,FIC,Harpers,A,B,C,"  too. I WAS STANDING close enough to be able to read the word "" Blackbird "" from Margret's lips. I nodded, withdrew, and headed for the"
391,1979,FIC,Harpers,A,B,C,"  from Margret's lips. I nodded, withdrew, and headed for the "" Blackbird, "" where funeral receptions have been held since time immemorial. I only had"
469,1979,FIC,Harpers,A,B,C,"  rolls. I told him that even as children we had called those sandwiches "" Blackbird pasteboard with mayonnaise, "" whether we were present as mourners or acolytes or --"
473,1979,FIC,Harpers,A,B,C,"  the street, and walk for five minutes through Douglas hrs. At the "" Blackbird "" they were already busy cutting up limp rolls, spreading them with butter,"
48,1980,FIC,MorgansPassing,A,B,C,"  follow the progress of a flashing red light. "" Sir, we ordered a Blackbird out of Adana to provide us secondaryobservation as soon as we received word, """
407,1980,MAG,NewYorker,A,B,C,"  also played a "" medley for older people, "" which included "" Bye Bye Blackbird "" and "" When the Saints Go Marching In, "" and a medley of"
487,1980,FIC,MorgansPassing,A,B,C,"  us secondaryobservation as soon as we received word, "" commented the Admiral. A Blackbird was an SR-71, a vastly improved version of the old U-2 spy plane,"
245,1981,FIC,Stroll,A,B,C,"  belonged in the piano bench at her grandmother's house: "" Bye, Bye Blackbird, "" "" Button Up Your Overcoat, "" "" Over There "" (with"
271,1981,FIC,WorldWithoutEnd,A,B,C,"  their litany floated wraithlike above the sounds of nature proliferating outside the small chapel, blackbird proffering its liquid trill, guard dog barking... The pale incantation lasted"
78,1983,MAG,Time,A,B,C,"  system, to point out that life is frequently more worth living because of a blackbird's song, a yellow elm tree in October, or some other natural phenomenon"
20,1984,MAG,Harpers,A,B,C,"  "" or "" for instance. "" There are thirteen ways of looking at a blackbird: (namely) on Sunday. in the yellowing woods, with a friend"
171,1985,MAG,Time,A,B,C,"  near Bluefields. On Oct. 31, their suspicions were raised further when an SR-71 Blackbird reconnaissance plane photographed military equipment that is commonly used by the Nicaraguans being unloaded from"
169,1986,MAG,SatEvePost,A,B,C,"  around Clovis, and there he'd loaded the gun and aimed it at a blackbird in a tree leaning over Clovis Creek and pressed the trigger. The kick had"
170,1986,FIC,BartholomewFair,A,B,C,"  the murderer of Jack Talbot, "" Ursula declared. "" Here is the lice-ridden blackbird, this deal of lies and infamies, this pinch-boned, addlepated whorelet. """
422,1986,MAG,SatEvePost,A,B,C,"  and shrubs for something else to shoot at, but all it was was another blackbird, and again the kick had knocked him down, and he'd missed it"
424,1986,MAG,Time,A,B,C,"  on tactics to be followed by crews of the SR-71 reconnaissance plane, dubbed the Blackbird, which Ott's squadron flies. The supersonic jet, routinely used for intelligence"
320,1987,FIC,GuardiansWest,A,B,C,"  Grandfather! "" he called again. There was still no answer. A red-winged blackbird swooped in, landed atop the tower, and peered curiously down at Garion."
249,1988,MAG,Time,A,B,C,"  -- The Air Force will allow women aboard high-altitude reconnaissance aircraft such as the SR-71 Blackbird, the TR-1 and the U-2. # -- The Marine Corps will have women"
341,1988,FIC,EIsEvidence,A,B,C,"  few Gaelic songs well enough to recognise: "" The Coolin "" and "" The Blackbird "" and a few others; but I knew them in scrubbed versions, for"
241,1990,MAG,Time,A,B,C,"  341167 When the Pentagon announced last December that it was retiring the famed Lockheed SR-71 Blackbird, it explained that satellites can do what the high- flying (100,000 ft.)"
287,1990,MAG,NatlParks,A,B,C,  # PHOTO (COLOR): The speckled eggs of a cowbird infiltrate a yellow-shouldered blackbird nest. # PHOTO (COLOR): The colorful western tanager breeds throughout the
254,1992,FIC,CatWhoMovedMountain,A,B,C,"  , played in public before. "" Here, There and Everywhere "" and "" Blackbird, "" to name but two. I've played "" Blackbird "" in pubs"
344,1992,FIC,CatWhoMovedMountain,A,B,C,"  "" and "" Blackbird, "" to name but two. I've played "" Blackbird "" in pubs, for heaven's sake. I spent weeks learning the guitar"
73,1993,FIC,FarriersLane,A,B,C,"  , and a few days later, they saw Blue Lake, and beyond, Blackbird's grave. It was early July, the days having passed in a haze"
204,1993,FIC,FarriersLane,A,B,C,"  the first kiss of rain. Now, he fumbled in his pouch for a blackbird's wing quill that fit the touchhole. He stuck it in the hole,"
251,1993,FIC,CityManyDays,A,B,C,"  , all his. "" Mine. "" Something large and invisible, perhaps a blackbird, calls musically from the tangled branches of a nearby oak. It seems to"
281,1993,FIC,SplitHeirs,A,B,C,"  always marked it down on the calendar, just like I do the first redwing blackbird, and this is the latest he's ever come. His back's been"
322,1993,FIC,FarriersLane,A,B,C,"  's neck. F he rain soaked the powder in his pan, wilted the blackbird's quill in his touchhole until it drooped limp as a rag. But Boots"
484,1993,MAG,PopScience,A,B,C,"  even an exotic kerosene, such as the special high-flashpoint JP-7 fuel used by the Blackbird, can not absorb enough heat. The solution for Aurora is a cryogenic fuel"
208,1994,MAG,Omni,A,B,C,"  that sophisticated black-budget (that is, off-the-record) projects like the U-2, SR-71 Blackbird, and F-117A Stealth fighter first earned their wings in secrecy. And it was"
434,1994,MAG,Omni,A,B,C,"  hypersonic high-altitude spyplane, code named Aurora, designed to replace the recently retired SR-71 Blackbird. Both the Air Force and Aurora's alleged manufacturer, Northrop's secret Skunk"
481,1994,NEWS,WashPost,A,B,C,"  Martin Chuzzlewit. "" It was an oasis of tall cool trees, where a blackbird sang by the fountain's round pool. # As we walked along the Temple"
2,1995,FIC,ContempFic,A,B,C,  . Heard that Viscum retested the origin of the name. Thinks that the common blackbird may be the natural explanation. Urtica does not understand why this creature should not
34,1995,FIC,FantasySciFi,A,B,C,"  crawled away from his mottled flesh, spinning a faintly gleaming thread, and the blackbird ceased singing. # And there was silence. # The great man gazed out"
72,1995,FIC,FantasySciFi,A,B,C,"  looked up for a moment. Again, he could hear the song of the blackbird in the garden. A-B-C-A. That simple rising quadruplet, robust yet innocent,"
91,1995,FIC,ContempFic,A,B,C,"  its wing. The blue-gray pigeon with red-rimmed eyes. The rare chaffinch. The blackbird whose boldness bordered on impudence. And the gulls, circling and circling before diving"
128,1995,FIC,ContempFic,A,B,C,  actual sound recordings as former documentation of nature. Viscum whistled several times like a blackbird. Problem set aside as unsolved for the time being. # The wind has
143,1995,FIC,FantasySciFi,A,B,C,"  the path, hidden in the green heavy boughs of an oak tree, a blackbird was shouting out his territory. Dum dee dee... And there,"
147,1995,FIC,FantasySciFi,A,B,C,"  some deep empty pool with the wind-chatter of leaves, the song of thrush and blackbird and cuckoo. # "" I suppose... "" she conceded, taking"
153,1995,FIC,Ploughshares,A,B,C,"  treat' cause I'm a -- "" # Darnelle swooped down like a flighty blackbird, all flap and claw and cackle. Next thing he knew, the old"
188,1995,FIC,FantasySciFi,A,B,C,"  of dew that had formed in the heavy throats of the flowers. And the blackbird was singing. Laughing. # He shook his head, trying to regain concentration"
202,1995,FIC,FantasySciFi,A,B,C,"  to the liquid song of a blackbird in the garden. It was the same blackbird that he heard on every fair morning, and it sang another version of its"
214,1995,FIC,FantasySciFi,A,B,C,"  and clattering their wings as the greenwood softened and dissolved. Here was the same blackbird he'd heard this morning, still singing A-B-C-A ascending. Those notes had been"
278,1995,FIC,FantasySciFi,A,B,C,"  , and toward the bench in a patch of sun beneath the tree where the blackbird sang, "" it can wait... "" # They walked on through"
332,1995,FIC,Ploughshares,A,B,C,"  her neck and started to unbutton her shirt. She pictured herself then as # blackbird with a sharp, yellow beak, enfolding a pale, blond man in the"
334,1995,FIC,FantasySciFi,A,B,C,"  play of dawn light on his curtains, listening to the liquid song of a blackbird in the garden. It was the same blackbird that he heard on every fair"
385,1995,FIC,ContempFic,A,B,C,  natural explanation. Urtica does not understand why this creature should not then be called blackbird. # None of them had any knowledge of blackbirds. We keyed in the
386,1995,FIC,FantasySciFi,A,B,C,"  the opening of A Midsummer Night's Dream. And, of course, this blackbird's. # He felt the touch of something on his hand. Looking down"
60,1996,MAG,OutdoorLife,A,B,C,"  is what you're after. As A.K. said when the rainbow went after the blackbird, "" You know, it gets pretty raw out here. "" That rawness"
88,1996,MAG,OutdoorLife,A,B,C,  have gone 10 pounds. We first saw it when it tried to eat a blackbird that had waded out to the end of a sweeper to pick Brown Drake duns
144,1996,MAG,RollingStone,A,B,C,"  , several other sticks and two or three abandoned tarps. He kept his pet blackbird in someone's old woven basket with a cardboard lid. When we approached,"
190,1996,MAG,OutdoorLife,A,B,C,"  believer in matching the hatch, but he couldn't quite come up with a blackbird fly, so he tied a large rodent pattern and dubbed it an "" adult"
231,1996,FIC,Play:BestFancyDancer,A,B,C,"  , Gert -- you know it too. Sometimes I see you fly like a blackbird -- higher than any of us. JESS I offered glass beads to the Indians"
310,1996,NEWS,CSMonitor,A,B,C,"  poet Wallace Stevens articulated in a poem called "" Thirteen Ways of Looking at a Blackbird "": namely, that works of art lend themselves to multiple interpretations. This"
319,1996,FIC,Play:BestFancyDancer,A,B,C,"  Let's dance, Henry. HENRY Okay, Chili-bean! JESS Here's some blackbird boogie. Now the drums -- HENRY Maybe an Indian flute -- because the ladies"
452,1996,FIC,Play:BestFancyDancer,A,B,C,"  You making it across the gulley without any trouble, Henry. You must have blackbird wings -- HENRY You sound like a woman. Big waddling birds. You'd"
472,1996,FIC,Play:BestFancyDancer,A,B,C,"  THE ELK THAT SAYS "" BEAR. "" GERTRUDE, DRESSED NOW ALSO AS A BLACKBIRD, SWEEPS THE SHIP'S DECK WITH HER BROOM. HENRY AS COLUMBUS DANCES AGAIN"
148,1997,NF,coca,A,B,C,"  behavior, and hippocampal size comes from the brown-headed cowbird, a member of the blackbird family. Rather than build nests or care for their young, these brood parasites"
179,1997,MAG,Time,A,B,C,"  sweet bluebonnet spring "" ("" When we die we say we'll catch some blackbird's wings/ And we will fly away to heaven "") in the gorgeous remake"
265,1997,FIC,FantasySciFi,A,B,C,"  busking in front of St. Paul's, so I started to play' The Blackbird,' just to see what would happen, and sure enough, they came"
305,1997,NF,coca,A,B,C,"  females. Closely related species that are not brood parasites, such as the red-winged blackbird, show no such difference between the male and female hippocampus. # Of all"
417,1997,NF,coca,A,B,C,  (a bleach bottle) while they listened to an audio tape of a wild-caught blackbird giving an alarm call in the presence of an owl. The listening birds soon
440,1997,MAG,HarpersMag,A,B,C,"  on the title of Wallace Stevens's poem "" Thirteen Ways of Looking at a Blackbird "" - captures Gates's main interests, which have evolved over the last ten years"
330,1998,NF,KosovoShortHistory,A,B,C,"  on Kosovo Polje, the Kosovo field (or plain)'. Kos means blackbird' in Serbian (the - ovo is an adjectival ending): hence Germans"
206,1999,FIC,FantasySciFi,A,B,C,"  led to him becoming indentured. "" If you can tell the difference between a blackbird and a blackberry you should be fine. It's not hard. Even I"
282,1999,FIC,FantasySciFi,A,B,C,  with what looked like Granny Smith apples but for all I knew could have been blackbird guts. Don't let anyone tell you that kneading dough is easy work.
474,1999,FIC,FantasySciFi,A,B,C,"  bright, "" Simon said. "" But if you mess up and put a blackbird in there, heads will roll - and I'm not using that as a"
497,1999,MAG,Shape,A,B,C,"  you've seen the view). For fantastic fusion food, dine at minimalistchic Blackbird on the fringes of the Loop or at Crayola-bright Okno in the Wicker Park neighborhood"
119,2000,MAG,Time,A,B,C,"  , and it succeeds spectacularly: Barber's hushed, sensuous version of Bye Bye Blackbird hasn't been bettered since Miles Davis last took the old standby out for a"
248,2000,NEWS,Chicago,A,B,C,"  "" Goin' to Kansas City. "" Lou Donaldson is blowing "" Bye Bye Blackbird "" on his sax in the Theater and talking about the blues: "" If"
238,2002,FIC,FantasySciFi,A,B,C,"  fire, she rubbed mutton fat through my hair, then pinned it back with blackbird feathers. By now I had learned to say "" Di, "" which seemed"
325,2002,FIC,FantasySciFi,A,B,C,"  what do I do? "" # "" She must be hungry. When a blackbird landed in the garden she caught it and ate it. Raw. "" #"
54,2003,NEWS,SanFran,A,B,C,"  # POP INSTRUMENTAL PERFORMANCE:' Auld Lang Syne,' B.B. King;' Blackbird,' Dave Koz and Jeff Koz;' As It Is,' Pat"
84,2003,FIC,EmporiumStories,A,B,C,"  radio in. "" Copy that, people, "" Lt. Kim announces. "" Blackbird has spoken. "" Back at the police station, I slip in through the"
152,2003,MAG,Smithsonian,A,B,C,"  , enters commercial service with a flight from New York to Paris 1964 The SR-71 Blackbird, the world's fastest and highest-flying airplane and a U.S. Air Force spy plane"
160,2003,MAG,Smithsonian,A,B,C,"  as a test vehicle for atmospheric flights and landings. There's a Lockheed SR-7I Blackbird, the Air Force spy plane; though nearly 40 years old, it still"
276,2003,FIC,EmporiumStories,A,B,C,"  actually looking at the dudeit's just a video image. Sunglasses help. "" Blackbird has the shot, "" I announce and begin my positive visualization, which Lt."
331,2003,MAG,Smithsonian,A,B,C,"  complex includes the aviation hall (welcoming the world's fastest jet, the SR-71 Blackbird, in September) and a tower affording views of Dulles International Airport. #"
359,2003,MAG,Smithsonian,A,B,C,"   386545 Section: A CENTURY OF FLIGHT The Enterprise. The Blackbird. The Enola Gay. A vast new Smithsonian facility outside Washington, D.C. opens"
394,2003,FIC,EmporiumStories,A,B,C,"  I'm tuning the rangefinder when I get the go-ahead from Lt. Kim. "" Blackbird, "" Lt. Kim says over the radio, "" at your leisure, """
420,2003,NEWS,SanFran,A,B,C,"  # POP INSTRUMENTAL PERFORMANCE:' Auld Lang Syne,' B.B. King;' Blackbird,' Dave Koz and Jeff Koz;' As It Is,' Pat"
491,2003,NEWS,Denver,A,B,C,"  Rebecca founded a popular magazine for Latinas but can't loosen up. From Julia Blackbird's New Mexican Cafe, 3617 W. 32nd Ave.; makes 10 chiles rellenos."
6,2004,FIC,Sacrifice,A,B,C,  her age. Poppy used to say that her hair was the color of a blackbird's wing. She grasped a gray hair between her thumb and forefinger and yanked
354,2004,FIC,1949NovelIrish,A,B,C,"  Clare. As the gray stallion galloped up the lane toward home, a startled blackbird exploded from a gorse bush. The horse shied violently but the girl on his"
393,2004,FIC,UrsulaUnderNovel,A,B,C,"  well before the Civil War. Lifting off from a branch overhead, a red-winged blackbird calls out clearly something that sounds much like kee' - we- naw, the native word"
43,2006,FIC,RoseCrown,A,B,C,"  a smile as she whispered, "" Listen, Dickon! I can hear a blackbird. "" (Continues...)"
368,2006,NEWS,Chicago,A,B,C,"  . Sun, 10 am: "" Molly Shanahan/Mad Shak, My Name Is a Blackbird. "" 3435 N. Sheffield. (773) 281-0824; www.linkshall.org. # Festivals"
89,2007,NEWS,NYT,A,B,C,"  Pulitzer Prize-winning play, "" How I Learned to Drive. "" What makes "" Blackbird "" different is how little reflective distance it allows you. # With both Nabokov"
112,2007,NEWS,NYT,A,B,C,"  starting his life over with a new name in a new town. # "" Blackbird "" is set in the office building where Ray (now Peter) works and"
122,2007,NEWS,NYT,A,B,C,"  degree of damage done. # During the bruising clash of perspectives that is "" Blackbird, "" embodied with uncanny strength and subtlety by Mr. Daniels and Ms. Pill,"
138,2007,NEWS,NYT,A,B,C,"  suspends judgment and obviates prurient jokiness. # This is essential, since for "" Blackbird "" to work, you have to accept it as a love story -- a"
165,2007,NEWS,NYT,A,B,C,"  Such curiosity, the basis of so much narrative art, is what shapes "" Blackbird. "" You can imagine Mr. Harrower reading about Mr. Studebaker and reaching beyond the"
178,2007,NEWS,NYT,A,B,C,"  possible for two people to be. # I didn't say nude. "" Blackbird, "" which opened last night at the Manhattan Theater Club under the masterly direction"
192,2007,NEWS,NYT,A,B,C,"  in English. "" ## 643048 # By the end of David Harrower's "" Blackbird, "" a drama that promises to be the most powerful of the season,"
198,2007,NEWS,NYT,A,B,C,"  of feeling -- occurs despite themselves. # I should make it clear that "" Blackbird "" is a recollection of what, by any legal definition, was sexual abuse"
300,2007,NEWS,NYT,A,B,C,"  ourselves in the minds of others. # Every detail in the staging of "" Blackbird "" must be exactly right for an audience to stay with it. Not only"
307,2007,NEWS,NYT,A,B,C,"  , "" abuse "" is woefully inadequate. # Mr. Harrower has said that "" Blackbird "" was inspired by the case of Toby Studebaker, an American ex-marine who,"
308,2007,NEWS,NYT,A,B,C,"  and it doesn't begin to encompass what they experienced. The miracle of "" Blackbird "" is that it does. BlackbirdBy David Harrower; directed by Joe Mantello;"
317,2007,FIC,CallMeByYourName,A,B,C,"  powerful ammonia solution. We stepped outside as soon as we could. A lonely blackbird, sitting in a Mediterranean pine, sang a few notes that were immediately drowned"
324,2007,NEWS,NYT,A,B,C,"  could you possibly? # Theatrical as well as emotional nakedness may explain why "" Blackbird, "" a bare-bones drama by a largely unheralded 40-year-old Scottish playwright, stole this"
350,2007,NEWS,NYT,A,B,C,"  # Unlike those plays, which deconstruct world events with bright intellectual showmanship, "" Blackbird "" is theater at its most elemental: one man, one woman, one"
375,2007,FIC,SouthernRev,A,B,C,"  a pixie expression on his lean face, his mustache like a pair of tiny blackbird's wings against his gold skin. His girls are called "" rock queens,"
277,2009,MAG,coca,A,B,C,"  Ma(i)sonry Napa Valley, the newest enterprise of banker turned vintner Michael Polenske, of Blackbird Vineyards fame. Inside his gallery-cum-wineshop, in a 105-year-old, meticulously renovated stone-and-mortar building"
387,2009,FIC,ConvictOtherStories,A,B,C,"  , but you remember this, Hack -- a redbird doesn't sit on a blackbird's nest. "" # I stepped onto the bus and pulled the folding doors"
