decade, AVG, Tree, Root, Sycamore, Bird, Birch,Butterfly, Buckeye, Brier, Chestnut, Flower, Clover, Plant, Animal, Oak, Dogwood, Frog, Lilac, Maple, River, Mulberry, Poplar, Thistle, Tulip, Willow, Spruce, Soil, Owl, Woodpecker, Heron, Bee, Forest, Trout, Cardinal, Hawk, Blackbird, Duck, Hummingbird, Goose, Grouse, Quail, Warbler, Thrush, Vulture, Cuckoo, Crow, Raven, Swan, Condor, Oriole, Finch, Kingfisher, Blue, Albatross, Pelican, Magpie, Chickadee, Parrot, Meadowlark, Stork, Beaver, Bison, Squirrel, Chipmunk, Fox, Hare, Ferret, Lynx, Caribou, Elk, Skunk, Wolf, Coyote, Deer, Muskrat, Otter, Dolphin, Opossum, Woodchuck, Ambrosia, Boxwood, Clover, Fern, Harlequin, Hellebore, Huckleberry, Juniper, Mesquite, Milkweed, Nightshade, Thistle, Orchid, Willow, Snake, Deciduous, Coniferous, Woodland, Mangrove, Reef, Ocean, Lizard, Iguana, Terrapin, Tortoise, Crocodile, Wasp, Fir, Cypress, Catalpa, Elm, Hemlock, Pine, Salamander, Badger, Beetle, Lichen, Toad, Pickrel, Sturgeon, Snail, Panther, Grasshopper, Crayfish, Cactus, Buckwheat, Geranium, Geranium, Prarie, Grizzly, Black, Mink, Wild, Tapir, Antelope, Mountain, Moose, Elk, Bassilisk, Flycatcher, Phoebe, Vireo, Nuthatch, Wren, Wren, Bluebird, Sparrow, Junco, Tanager, Balsam, Hyssop, Jack-in-the-Pulpit, Pawpaw, Foxglove, Marigold, Bellflower, Sedge, Hackberry, Clematis, Honeysuckle , Goldenrod, Lobelia, Magnolia, Herbaceous, Cottonwood, Buttercup, Elderberry, Elderberry, Bloodroot, Sassafras, Sassafras, Bulrush, Pimpernel, Basswood, Trillium, Cattail, Pecarry, Cougar, Skunk, Porpoise, Whale, Porcupine, Ocelot, Wild Boar, Coot, Goldfinch, Bittern, Jackdaw, Mallard
1850,1.123695828,1.56,1.35,0.67,1.07,1.19,1.56,0.33,1.69,1.22,2.08,1.76,0.77,1.18,1.23,1.11,0.62,1.44,1.16,1.11,0.46,1.6,1.44,2.11,1.41,0.81,2.17,0.87,2.18,1.32,2.22,1.55,0.45,0.8,0.54,0.39,0.45,0.13,0.59,0.22,0.56,0.67,0.79,2.19,1,0.74,1.77,1.36,0.52,1.24,0.2,0.68,0.42,1.13,0.43,0.25,1.02,0.62,0,0.67,0.98,0.55,1.18,0,0.84,1.17,0.42,1.57,0.11,1.55,0.36,0.97,0.01,1.61,0.37,1.14,0.64,1.58,1.48,1.27,0.33,1.76,0.49,0.68,0,1.55,0.66,0,0.54,1.14,1.44,1.89,1.41,0.5,2.57,1.82,1.91,0.33,0.74,1.62,0.51,2.1,0.92,1.33,1.72,1.29,1.45,1.68,1.7,1.21,2.44,1.18,1.1,0.3,0.57,1.11,0.83,1.16,1.08,0.7,1.56,4.05,0,0.14,2.4,1.18,1.58,0,0.6,0.86,0.1,0.14,3.72,0.89,0.33,1.36,1.55,0.44,0,0.77,0,1.24,0.59,0.82,1.23,1.65,0,0.23,2,1.53,0,0,1.84,1.62,3.79,1.52,0.75,0.59,0.8,0.16,2.34,1.2,4.99,0.04,1.04,0,0,0.63,0.52,0.72,6.09,1.53,1.37,0.56,0,1.53,2.22,0.36,2.55,6.64,0.7,1.12,1.57,0.25,0.44,0.83,4.01,0.14
NA,NA,,,,,,,,,,,,,,,,,,,,,,,,,,,,,,,,,,,,,,,,,,,,,,,,,,,,,,,,,,,,,,,,,,,,,,,,,,,,,,,,,,,,,,,,,,,,,,,,,,,,,,,,,,,,,,,,,,,,,,,,,,,,,,,,,,,,,,,,,,,,,,,,,,,,,,,,,,,,,,,,,,,,,,,,,,,,,,,,,,,,,,,,,,,
NA,NA,,,,,,,,,,,,,,,,,,,,,,,,,,,,,,,,,,,,,,,,,,,,,,,,,,,,,,,,,,,,,,,,,,,,,,,,,,,,,,,,,,,,,,,,,,,,,,,,,,,,,,,,,,,,,,,,,,,,,,,,,,,,,,,,,,,,,,,,,,,,,,,,,,,,,,,,,,,,,,,,,,,,,,,,,,,,,,,,,,,,,,,,,,,
NA,NA,,,,,,,,,,,,,,,,,,,,,,,,,,,,,,,,,,,,,,,,,,,,,,,,,,,,,,,,,,,,,,,,,,,,,,,,,,,,,,,,,,,,,,,,,,,,,,,,,,,,,,,,,,,,,,,,,,,,,,,,,,,,,,,,,,,,,,,,,,,,,,,,,,,,,,,,,,,,,,,,,,,,,,,,,,,,,,,,,,,,,,,,,,,
NA,NA,,,,,,,,,,,,,,,,,,,,,,,,,,,,,,,,,,,,,,,,,,,,,,,,,,,,,,,,,,,,,,,,,,,,,,,,,,,,,,,,,,,,,,,,,,,,,,,,,,,,,,,,,,,,,,,,,,,,,,,,,,,,,,,,,,,,,,,,,,,,,,,,,,,,,,,,,,,,,,,,,,,,,,,,,,,,,,,,,,,,,,,,,,,
NA,NA,,,,,,,,,,,,,,,,,,,,,,,,,,,,,,,,,,,,,,,,,,,,,,,,,,,,,,,,,,,,,,,,,,,,,,,,,,,,,,,,,,,,,,,,,,,,,,,,,,,,,,,,,,,,,,,,,,,,,,,,,,,,,,,,,,,,,,,,,,,,,,,,,,,,,,,,,,,,,,,,,,,,,,,,,,,,,,,,,,,,,,,,,,,
NA,NA,,,,,,,,,,,,,,,,,,,,,,,,,,,,,,,,,,,,,,,,,,,,,,,,,,,,,,,,,,,,,,,,,,,,,,,,,,,,,,,,,,,,,,,,,,,,,,,,,,,,,,,,,,,,,,,,,,,,,,,,,,,,,,,,,,,,,,,,,,,,,,,,,,,,,,,,,,,,,,,,,,,,,,,,,,,,,,,,,,,,,,,,,,,
NA,NA,,,,,,,,,,,,,,,,,,,,,,,,,,,,,,,,,,,,,,,,,,,,,,,,,,,,,,,,,,,,,,,,,,,,,,,,,,,,,,,,,,,,,,,,,,,,,,,,,,,,,,,,,,,,,,,,,,,,,,,,,,,,,,,,,,,,,,,,,,,,,,,,,,,,,,,,,,,,,,,,,,,,,,,,,,,,,,,,,,,,,,,,,,,
NA,NA,,,,,,,,,,,,,,,,,,,,,,,,,,,,,,,,,,,,,,,,,,,,,,,,,,,,,,,,,,,,,,,,,,,,,,,,,,,,,,,,,,,,,,,,,,,,,,,,,,,,,,,,,,,,,,,,,,,,,,,,,,,,,,,,,,,,,,,,,,,,,,,,,,,,,,,,,,,,,,,,,,,,,,,,,,,,,,,,,,,,,,,,,,,
NA,NA,,,,,,,,,,,,,,,,,,,,,,,,,,,,,,,,,,,,,,,,,,,,,,,,,,,,,,,,,,,,,,,,,,,,,,,,,,,,,,,,,,,,,,,,,,,,,,,,,,,,,,,,,,,,,,,,,,,,,,,,,,,,,,,,,,,,,,,,,,,,,,,,,,,,,,,,,,,,,,,,,,,,,,,,,,,,,,,,,,,,,,,,,,,
1860,0.81317506,1.01,1.06,0.87,0.82,1.2,0.95,0.32,1.24,1.45,1.02,0.72,0.4,1.06,1,0.25,0.94,0.48,0.75,1.08,0.82,1.03,1.21,0.95,0.85,1.28,1.6,0.59,0.69,0.39,1.63,1.23,0.68,1.4,0.32,0.76,0.49,0.62,0.94,0.6,1.06,0.16,0.48,1.83,0.43,0.53,1.61,0.61,3.45,1.05,0.73,1.41,0.2,0.5,0.83,0.42,0.99,0.5,0,0.74,0.89,0.56,0.72,0.26,0.6,2.14,0.61,0.62,0.11,0.29,0.58,0.92,0.04,0.84,0.66,0.74,0.41,1.39,0.55,2.46,0.48,0.72,1.94,2.11,0.72,1.09,0.5,0,0.35,3.31,1.21,1.53,0.85,0.59,1.05,0.29,1.36,1.38,1.11,1.16,0.4,0.13,0.29,1.93,2.42,0.82,0,0.88,0.65,0.78,1.25,0.8,0.53,1.23,1.49,1.57,0.4,0.54,1.16,0.53,0.62,0.71,2.1,0.6,0.96,1.31,1.68,0,1,0.55,0.13,0.18,0.36,0.99,0.32,0.42,0.29,1.56,0.82,1.06,0,0,0.22,0.3,0.95,1.22,0,0.68,0.58,1.47,0,0.35,0.89,0.96,0,1.58,0,1.04,1.36,0,0.38,2.96,0.46,0.28,1,0.16,0.22,0.61,0.31,0.42,0.53,0,0.19,0,1.65,0,0.64,0.58,1.53,0.69,0.83,0,1.13,0.71,0,0.4,0.39,1.63
NA,NA,,,,,,,,,,,,,,,,,,,,,,,,,,,,,,,,,,,,,,,,,,,,,,,,,,,,,,,,,,,,,,,,,,,,,,,,,,,,,,,,,,,,,,,,,,,,,,,,,,,,,,,,,,,,,,,,,,,,,,,,,,,,,,,,,,,,,,,,,,,,,,,,,,,,,,,,,,,,,,,,,,,,,,,,,,,,,,,,,,,,,,,,,,,
NA,NA,,,,,,,,,,,,,,,,,,,,,,,,,,,,,,,,,,,,,,,,,,,,,,,,,,,,,,,,,,,,,,,,,,,,,,,,,,,,,,,,,,,,,,,,,,,,,,,,,,,,,,,,,,,,,,,,,,,,,,,,,,,,,,,,,,,,,,,,,,,,,,,,,,,,,,,,,,,,,,,,,,,,,,,,,,,,,,,,,,,,,,,,,,,
NA,NA,,,,,,,,,,,,,,,,,,,,,,,,,,,,,,,,,,,,,,,,,,,,,,,,,,,,,,,,,,,,,,,,,,,,,,,,,,,,,,,,,,,,,,,,,,,,,,,,,,,,,,,,,,,,,,,,,,,,,,,,,,,,,,,,,,,,,,,,,,,,,,,,,,,,,,,,,,,,,,,,,,,,,,,,,,,,,,,,,,,,,,,,,,,
NA,NA,,,,,,,,,,,,,,,,,,,,,,,,,,,,,,,,,,,,,,,,,,,,,,,,,,,,,,,,,,,,,,,,,,,,,,,,,,,,,,,,,,,,,,,,,,,,,,,,,,,,,,,,,,,,,,,,,,,,,,,,,,,,,,,,,,,,,,,,,,,,,,,,,,,,,,,,,,,,,,,,,,,,,,,,,,,,,,,,,,,,,,,,,,,
NA,NA,,,,,,,,,,,,,,,,,,,,,,,,,,,,,,,,,,,,,,,,,,,,,,,,,,,,,,,,,,,,,,,,,,,,,,,,,,,,,,,,,,,,,,,,,,,,,,,,,,,,,,,,,,,,,,,,,,,,,,,,,,,,,,,,,,,,,,,,,,,,,,,,,,,,,,,,,,,,,,,,,,,,,,,,,,,,,,,,,,,,,,,,,,,
NA,NA,,,,,,,,,,,,,,,,,,,,,,,,,,,,,,,,,,,,,,,,,,,,,,,,,,,,,,,,,,,,,,,,,,,,,,,,,,,,,,,,,,,,,,,,,,,,,,,,,,,,,,,,,,,,,,,,,,,,,,,,,,,,,,,,,,,,,,,,,,,,,,,,,,,,,,,,,,,,,,,,,,,,,,,,,,,,,,,,,,,,,,,,,,,
NA,NA,,,,,,,,,,,,,,,,,,,,,,,,,,,,,,,,,,,,,,,,,,,,,,,,,,,,,,,,,,,,,,,,,,,,,,,,,,,,,,,,,,,,,,,,,,,,,,,,,,,,,,,,,,,,,,,,,,,,,,,,,,,,,,,,,,,,,,,,,,,,,,,,,,,,,,,,,,,,,,,,,,,,,,,,,,,,,,,,,,,,,,,,,,,
NA,NA,,,,,,,,,,,,,,,,,,,,,,,,,,,,,,,,,,,,,,,,,,,,,,,,,,,,,,,,,,,,,,,,,,,,,,,,,,,,,,,,,,,,,,,,,,,,,,,,,,,,,,,,,,,,,,,,,,,,,,,,,,,,,,,,,,,,,,,,,,,,,,,,,,,,,,,,,,,,,,,,,,,,,,,,,,,,,,,,,,,,,,,,,,,
NA,NA,,,,,,,,,,,,,,,,,,,,,,,,,,,,,,,,,,,,,,,,,,,,,,,,,,,,,,,,,,,,,,,,,,,,,,,,,,,,,,,,,,,,,,,,,,,,,,,,,,,,,,,,,,,,,,,,,,,,,,,,,,,,,,,,,,,,,,,,,,,,,,,,,,,,,,,,,,,,,,,,,,,,,,,,,,,,,,,,,,,,,,,,,,,
1870,1.048600302,0.94,0.96,0.85,1.12,1.32,0.59,1.48,2.93,1.35,1.13,1.99,0.31,1.08,0.88,0.7,1.2,0.83,0.77,1.1,2.73,0.77,1.54,0.34,0.64,0.81,0.9,1.03,0.99,0.67,1.75,1.22,1,0.87,0.45,0.74,0.57,0,1.23,0.83,1.4,0.37,1.18,1.23,0.36,0.61,1.4,1.81,0.17,0.96,0.28,2.08,1.11,0.31,0.87,0.89,0.68,1.29,0.25,0.64,1.36,0.55,2.03,3.77,0.95,1.34,2.36,1.14,0.2,0.66,0.96,0.53,0.17,0.83,1.48,0.54,0.95,4.98,2.47,1.02,0.73,1.99,0.6,0.85,0,0.58,0.46,0.15,0.16,1.27,1.54,1.79,0.64,0.59,0.87,0.27,0.98,0.59,0.78,1.11,0.51,1.28,0.95,1.67,1.92,0.24,0.52,1.06,0.9,1.78,1.68,0.73,1.04,0.33,0.49,0.91,0.75,0.94,0.37,0.69,0.97,0.67,0.48,0.57,1.24,1.14,1.35,0.52,3.67,1.2,0.69,0.88,0.66,2.07,0,0.73,0.66,1.43,0,1.42,7.99,0,0.66,0.82,0.6,0.71,1.76,1.04,1.55,0.9,0,0,0.2,0.22,0.56,1.04,0,0.7,0.84,0.22,0.35,0.54,0.43,0.7,1.38,0.47,0.62,1.67,0.78,0.96,0.49,1.01,0.35,0.99,0,0.45,1.05,0.96,1.09,0.37,3.06,8.47,1.3,0.87,1.17,3.66,1.07,0.13
NA,NA,,,,,,,,,,,,,,,,,,,,,,,,,,,,,,,,,,,,,,,,,,,,,,,,,,,,,,,,,,,,,,,,,,,,,,,,,,,,,,,,,,,,,,,,,,,,,,,,,,,,,,,,,,,,,,,,,,,,,,,,,,,,,,,,,,,,,,,,,,,,,,,,,,,,,,,,,,,,,,,,,,,,,,,,,,,,,,,,,,,,,,,,,,,
NA,NA,,,,,,,,,,,,,,,,,,,,,,,,,,,,,,,,,,,,,,,,,,,,,,,,,,,,,,,,,,,,,,,,,,,,,,,,,,,,,,,,,,,,,,,,,,,,,,,,,,,,,,,,,,,,,,,,,,,,,,,,,,,,,,,,,,,,,,,,,,,,,,,,,,,,,,,,,,,,,,,,,,,,,,,,,,,,,,,,,,,,,,,,,,,
NA,NA,,,,,,,,,,,,,,,,,,,,,,,,,,,,,,,,,,,,,,,,,,,,,,,,,,,,,,,,,,,,,,,,,,,,,,,,,,,,,,,,,,,,,,,,,,,,,,,,,,,,,,,,,,,,,,,,,,,,,,,,,,,,,,,,,,,,,,,,,,,,,,,,,,,,,,,,,,,,,,,,,,,,,,,,,,,,,,,,,,,,,,,,,,,
NA,NA,,,,,,,,,,,,,,,,,,,,,,,,,,,,,,,,,,,,,,,,,,,,,,,,,,,,,,,,,,,,,,,,,,,,,,,,,,,,,,,,,,,,,,,,,,,,,,,,,,,,,,,,,,,,,,,,,,,,,,,,,,,,,,,,,,,,,,,,,,,,,,,,,,,,,,,,,,,,,,,,,,,,,,,,,,,,,,,,,,,,,,,,,,,
NA,NA,,,,,,,,,,,,,,,,,,,,,,,,,,,,,,,,,,,,,,,,,,,,,,,,,,,,,,,,,,,,,,,,,,,,,,,,,,,,,,,,,,,,,,,,,,,,,,,,,,,,,,,,,,,,,,,,,,,,,,,,,,,,,,,,,,,,,,,,,,,,,,,,,,,,,,,,,,,,,,,,,,,,,,,,,,,,,,,,,,,,,,,,,,,
NA,NA,,,,,,,,,,,,,,,,,,,,,,,,,,,,,,,,,,,,,,,,,,,,,,,,,,,,,,,,,,,,,,,,,,,,,,,,,,,,,,,,,,,,,,,,,,,,,,,,,,,,,,,,,,,,,,,,,,,,,,,,,,,,,,,,,,,,,,,,,,,,,,,,,,,,,,,,,,,,,,,,,,,,,,,,,,,,,,,,,,,,,,,,,,,
NA,NA,,,,,,,,,,,,,,,,,,,,,,,,,,,,,,,,,,,,,,,,,,,,,,,,,,,,,,,,,,,,,,,,,,,,,,,,,,,,,,,,,,,,,,,,,,,,,,,,,,,,,,,,,,,,,,,,,,,,,,,,,,,,,,,,,,,,,,,,,,,,,,,,,,,,,,,,,,,,,,,,,,,,,,,,,,,,,,,,,,,,,,,,,,,
NA,NA,,,,,,,,,,,,,,,,,,,,,,,,,,,,,,,,,,,,,,,,,,,,,,,,,,,,,,,,,,,,,,,,,,,,,,,,,,,,,,,,,,,,,,,,,,,,,,,,,,,,,,,,,,,,,,,,,,,,,,,,,,,,,,,,,,,,,,,,,,,,,,,,,,,,,,,,,,,,,,,,,,,,,,,,,,,,,,,,,,,,,,,,,,,
NA,NA,,,,,,,,,,,,,,,,,,,,,,,,,,,,,,,,,,,,,,,,,,,,,,,,,,,,,,,,,,,,,,,,,,,,,,,,,,,,,,,,,,,,,,,,,,,,,,,,,,,,,,,,,,,,,,,,,,,,,,,,,,,,,,,,,,,,,,,,,,,,,,,,,,,,,,,,,,,,,,,,,,,,,,,,,,,,,,,,,,,,,,,,,,,
1880,1.082953818,0.92,1.11,1.01,1.08,0.78,0.79,1.41,1.98,1.08,1.23,2.51,0.53,0.85,0.91,0.52,0.88,0.6,0.76,1.19,1.16,1.4,0.81,0.44,0.94,0.53,1.16,1.02,2.29,0.73,0.74,0.9,0.75,0.82,0.78,1.24,0.69,0.51,1.22,1.08,0.84,5.98,3.38,1,1.09,0.55,1.47,0.77,0.1,1.78,0.63,0.93,2.63,0.21,0.68,0.7,0.81,0.98,1.1,1.21,1.2,4.96,1.09,0.37,2.02,0.96,1.33,0.45,0.35,1.18,0.46,0.75,0.24,0.88,1.08,0.68,0.58,1.48,0.49,1.11,0.52,2.51,0.56,0.59,3.52,0.52,0.34,0.45,0,1.13,0.81,0.84,0.94,0.75,1.17,0.72,1.72,1.66,0.73,1.07,0.45,0.1,3.56,1.66,1.7,0.54,0,0.96,0.54,0.74,1.16,0.47,0.25,0.71,1.08,0.54,0.64,0.71,0.71,0.58,0.83,0.92,0.22,0.46,1.34,1.35,1.42,0.93,1.36,0.51,1.08,1.23,0.88,0.77,0.78,1.12,1.18,0.81,6.74,0.18,4.34,1.47,1.83,2.03,2.18,2.31,1.04,1.85,1.11,0.8,1.11,0.29,0.55,0.59,0,1.76,0.59,1.01,1.09,0.19,0,0.84,0.76,0.73,1.37,0.16,0.18,2.48,1.35,1.49,3.5,0.6,0.31,0.44,0.45,0,0.53,0.46,0.56,0.55,0.68,0.44,0.54,0.49,5.58,0.98,0.95,0.33
NA,NA,,,,,,,,,,,,,,,,,,,,,,,,,,,,,,,,,,,,,,,,,,,,,,,,,,,,,,,,,,,,,,,,,,,,,,,,,,,,,,,,,,,,,,,,,,,,,,,,,,,,,,,,,,,,,,,,,,,,,,,,,,,,,,,,,,,,,,,,,,,,,,,,,,,,,,,,,,,,,,,,,,,,,,,,,,,,,,,,,,,,,,,,,,,
NA,NA,,,,,,,,,,,,,,,,,,,,,,,,,,,,,,,,,,,,,,,,,,,,,,,,,,,,,,,,,,,,,,,,,,,,,,,,,,,,,,,,,,,,,,,,,,,,,,,,,,,,,,,,,,,,,,,,,,,,,,,,,,,,,,,,,,,,,,,,,,,,,,,,,,,,,,,,,,,,,,,,,,,,,,,,,,,,,,,,,,,,,,,,,,,
NA,NA,,,,,,,,,,,,,,,,,,,,,,,,,,,,,,,,,,,,,,,,,,,,,,,,,,,,,,,,,,,,,,,,,,,,,,,,,,,,,,,,,,,,,,,,,,,,,,,,,,,,,,,,,,,,,,,,,,,,,,,,,,,,,,,,,,,,,,,,,,,,,,,,,,,,,,,,,,,,,,,,,,,,,,,,,,,,,,,,,,,,,,,,,,,
NA,NA,,,,,,,,,,,,,,,,,,,,,,,,,,,,,,,,,,,,,,,,,,,,,,,,,,,,,,,,,,,,,,,,,,,,,,,,,,,,,,,,,,,,,,,,,,,,,,,,,,,,,,,,,,,,,,,,,,,,,,,,,,,,,,,,,,,,,,,,,,,,,,,,,,,,,,,,,,,,,,,,,,,,,,,,,,,,,,,,,,,,,,,,,,,
NA,NA,,,,,,,,,,,,,,,,,,,,,,,,,,,,,,,,,,,,,,,,,,,,,,,,,,,,,,,,,,,,,,,,,,,,,,,,,,,,,,,,,,,,,,,,,,,,,,,,,,,,,,,,,,,,,,,,,,,,,,,,,,,,,,,,,,,,,,,,,,,,,,,,,,,,,,,,,,,,,,,,,,,,,,,,,,,,,,,,,,,,,,,,,,,
NA,NA,,,,,,,,,,,,,,,,,,,,,,,,,,,,,,,,,,,,,,,,,,,,,,,,,,,,,,,,,,,,,,,,,,,,,,,,,,,,,,,,,,,,,,,,,,,,,,,,,,,,,,,,,,,,,,,,,,,,,,,,,,,,,,,,,,,,,,,,,,,,,,,,,,,,,,,,,,,,,,,,,,,,,,,,,,,,,,,,,,,,,,,,,,,
NA,NA,,,,,,,,,,,,,,,,,,,,,,,,,,,,,,,,,,,,,,,,,,,,,,,,,,,,,,,,,,,,,,,,,,,,,,,,,,,,,,,,,,,,,,,,,,,,,,,,,,,,,,,,,,,,,,,,,,,,,,,,,,,,,,,,,,,,,,,,,,,,,,,,,,,,,,,,,,,,,,,,,,,,,,,,,,,,,,,,,,,,,,,,,,,
NA,NA,,,,,,,,,,,,,,,,,,,,,,,,,,,,,,,,,,,,,,,,,,,,,,,,,,,,,,,,,,,,,,,,,,,,,,,,,,,,,,,,,,,,,,,,,,,,,,,,,,,,,,,,,,,,,,,,,,,,,,,,,,,,,,,,,,,,,,,,,,,,,,,,,,,,,,,,,,,,,,,,,,,,,,,,,,,,,,,,,,,,,,,,,,,
NA,NA,,,,,,,,,,,,,,,,,,,,,,,,,,,,,,,,,,,,,,,,,,,,,,,,,,,,,,,,,,,,,,,,,,,,,,,,,,,,,,,,,,,,,,,,,,,,,,,,,,,,,,,,,,,,,,,,,,,,,,,,,,,,,,,,,,,,,,,,,,,,,,,,,,,,,,,,,,,,,,,,,,,,,,,,,,,,,,,,,,,,,,,,,,,
1890,0.939917653,1.02,0.87,0.45,1.03,1.08,0.7,0.35,1.51,0.95,1.34,0.6,0.58,0.85,0.82,0.51,1.17,0.88,0.93,1.13,1.4,1.01,1.82,0.67,0.86,0.93,0.89,1.18,0.76,0.62,0.69,1.02,1.66,0.73,0.68,1.15,0.61,0.1,0.87,1.19,0.92,1.18,2.74,0.79,0.58,0.7,1.46,0.95,0.25,1.33,0.31,0.53,0.65,1.16,0.72,1.71,5.38,1.33,0.22,0.26,1.19,1.5,0.98,0.58,1.54,1.12,0.62,0.67,0.44,0.63,0.41,1.95,0.63,0.98,1.3,1.18,2.07,1.35,1.24,1.49,0.64,0.6,0.66,0.43,0.58,0.33,1.14,0.04,0.28,0.45,1.82,1.86,0.86,0.81,1.31,1.18,1.89,0.52,1.14,1.23,1.42,0,2.08,0.97,0.98,0.58,0.91,0.7,0.53,0.42,1.44,0.69,1.71,0.16,0.38,0.53,0.91,1,0.52,0.52,1.58,0.57,0.42,2.04,1.09,0.97,1.01,0.92,1.68,1,0.5,0.56,1.16,1.23,0.51,0.67,0.63,0.92,1.99,0.51,1.07,1.45,0.59,0.64,0.67,0.7,0,1.46,1.67,1.98,1.64,0,1.26,0.78,0.49,1.28,0,1.15,1.22,1.28,1.21,1.09,0.63,1,0.54,0.16,0.18,0,0.83,0.9,0,2.67,0.61,0,0,0.79,1.73,0.41,1.37,0.59,0.8,0.44,1.76,0.67,1.03,0.64,0.94,0.66
NA,NA,,,,,,,,,,,,,,,,,,,,,,,,,,,,,,,,,,,,,,,,,,,,,,,,,,,,,,,,,,,,,,,,,,,,,,,,,,,,,,,,,,,,,,,,,,,,,,,,,,,,,,,,,,,,,,,,,,,,,,,,,,,,,,,,,,,,,,,,,,,,,,,,,,,,,,,,,,,,,,,,,,,,,,,,,,,,,,,,,,,,,,,,,,,
NA,NA,,,,,,,,,,,,,,,,,,,,,,,,,,,,,,,,,,,,,,,,,,,,,,,,,,,,,,,,,,,,,,,,,,,,,,,,,,,,,,,,,,,,,,,,,,,,,,,,,,,,,,,,,,,,,,,,,,,,,,,,,,,,,,,,,,,,,,,,,,,,,,,,,,,,,,,,,,,,,,,,,,,,,,,,,,,,,,,,,,,,,,,,,,,
NA,NA,,,,,,,,,,,,,,,,,,,,,,,,,,,,,,,,,,,,,,,,,,,,,,,,,,,,,,,,,,,,,,,,,,,,,,,,,,,,,,,,,,,,,,,,,,,,,,,,,,,,,,,,,,,,,,,,,,,,,,,,,,,,,,,,,,,,,,,,,,,,,,,,,,,,,,,,,,,,,,,,,,,,,,,,,,,,,,,,,,,,,,,,,,,
NA,NA,,,,,,,,,,,,,,,,,,,,,,,,,,,,,,,,,,,,,,,,,,,,,,,,,,,,,,,,,,,,,,,,,,,,,,,,,,,,,,,,,,,,,,,,,,,,,,,,,,,,,,,,,,,,,,,,,,,,,,,,,,,,,,,,,,,,,,,,,,,,,,,,,,,,,,,,,,,,,,,,,,,,,,,,,,,,,,,,,,,,,,,,,,,
NA,NA,,,,,,,,,,,,,,,,,,,,,,,,,,,,,,,,,,,,,,,,,,,,,,,,,,,,,,,,,,,,,,,,,,,,,,,,,,,,,,,,,,,,,,,,,,,,,,,,,,,,,,,,,,,,,,,,,,,,,,,,,,,,,,,,,,,,,,,,,,,,,,,,,,,,,,,,,,,,,,,,,,,,,,,,,,,,,,,,,,,,,,,,,,,
NA,NA,,,,,,,,,,,,,,,,,,,,,,,,,,,,,,,,,,,,,,,,,,,,,,,,,,,,,,,,,,,,,,,,,,,,,,,,,,,,,,,,,,,,,,,,,,,,,,,,,,,,,,,,,,,,,,,,,,,,,,,,,,,,,,,,,,,,,,,,,,,,,,,,,,,,,,,,,,,,,,,,,,,,,,,,,,,,,,,,,,,,,,,,,,,
NA,NA,,,,,,,,,,,,,,,,,,,,,,,,,,,,,,,,,,,,,,,,,,,,,,,,,,,,,,,,,,,,,,,,,,,,,,,,,,,,,,,,,,,,,,,,,,,,,,,,,,,,,,,,,,,,,,,,,,,,,,,,,,,,,,,,,,,,,,,,,,,,,,,,,,,,,,,,,,,,,,,,,,,,,,,,,,,,,,,,,,,,,,,,,,,
NA,NA,,,,,,,,,,,,,,,,,,,,,,,,,,,,,,,,,,,,,,,,,,,,,,,,,,,,,,,,,,,,,,,,,,,,,,,,,,,,,,,,,,,,,,,,,,,,,,,,,,,,,,,,,,,,,,,,,,,,,,,,,,,,,,,,,,,,,,,,,,,,,,,,,,,,,,,,,,,,,,,,,,,,,,,,,,,,,,,,,,,,,,,,,,,
NA,NA,,,,,,,,,,,,,,,,,,,,,,,,,,,,,,,,,,,,,,,,,,,,,,,,,,,,,,,,,,,,,,,,,,,,,,,,,,,,,,,,,,,,,,,,,,,,,,,,,,,,,,,,,,,,,,,,,,,,,,,,,,,,,,,,,,,,,,,,,,,,,,,,,,,,,,,,,,,,,,,,,,,,,,,,,,,,,,,,,,,,,,,,,,,
1900,1.175372856,1.02,1.58,0.92,1.11,0.64,1.53,0.98,0.89,0.83,1.68,4.17,1.08,1.03,1.01,1.34,0.81,1.35,0.95,1.19,1,1.17,2.11,0.47,0.78,0.9,1.39,1,1.08,1.35,0.98,1.16,0.78,1.06,0.66,0.72,0.85,0.66,1.02,2.15,1.04,0.62,1.39,0.52,1.47,2.17,0.93,0.63,0.24,1.13,0.48,4.43,1.98,0.32,0.4,1.06,0.75,1.09,1.02,0.67,0.63,1.14,1.04,0.64,0.77,0.81,0.96,1.31,0.82,1.86,0.63,1.08,0.84,0.85,1,1.76,0.54,0.42,1.29,1.31,0.96,4.17,0.57,0.5,3.26,0.87,0.9,0.25,2.62,1.88,2.11,2.02,0.78,0.92,1.23,0.66,1.59,0,0.97,1.04,0.68,0,1.56,0.75,0.71,1.29,0.43,0.79,1.99,0.29,1.11,1.04,0.23,4.83,0.5,0.75,1.18,1.21,0.13,1.14,0.81,0.94,0.2,0.67,1.5,1.6,1.56,0.65,0.44,0.47,0.76,0.8,0.54,0.49,0.72,1.25,1.86,0.86,0.94,0.66,0.29,4.09,0.8,0.83,2.74,2.69,0.48,1.54,0.84,1.86,1.54,3.97,2.19,0.55,3.24,0.43,1.65,1.08,1.07,1.8,4.85,0.59,0.47,0.81,1.65,0.16,0.17,2.3,1.25,1.27,0.41,1.12,1.72,5.7,0.42,1.12,0.43,0.63,0.19,0.25,2.01,0,1.86,0.18,1.94,0.6,0.29,0.62
NA,NA,,,,,,,,,,,,,,,,,,,,,,,,,,,,,,,,,,,,,,,,,,,,,,,,,,,,,,,,,,,,,,,,,,,,,,,,,,,,,,,,,,,,,,,,,,,,,,,,,,,,,,,,,,,,,,,,,,,,,,,,,,,,,,,,,,,,,,,,,,,,,,,,,,,,,,,,,,,,,,,,,,,,,,,,,,,,,,,,,,,,,,,,,,,
NA,NA,,,,,,,,,,,,,,,,,,,,,,,,,,,,,,,,,,,,,,,,,,,,,,,,,,,,,,,,,,,,,,,,,,,,,,,,,,,,,,,,,,,,,,,,,,,,,,,,,,,,,,,,,,,,,,,,,,,,,,,,,,,,,,,,,,,,,,,,,,,,,,,,,,,,,,,,,,,,,,,,,,,,,,,,,,,,,,,,,,,,,,,,,,,
NA,NA,,,,,,,,,,,,,,,,,,,,,,,,,,,,,,,,,,,,,,,,,,,,,,,,,,,,,,,,,,,,,,,,,,,,,,,,,,,,,,,,,,,,,,,,,,,,,,,,,,,,,,,,,,,,,,,,,,,,,,,,,,,,,,,,,,,,,,,,,,,,,,,,,,,,,,,,,,,,,,,,,,,,,,,,,,,,,,,,,,,,,,,,,,,
NA,NA,,,,,,,,,,,,,,,,,,,,,,,,,,,,,,,,,,,,,,,,,,,,,,,,,,,,,,,,,,,,,,,,,,,,,,,,,,,,,,,,,,,,,,,,,,,,,,,,,,,,,,,,,,,,,,,,,,,,,,,,,,,,,,,,,,,,,,,,,,,,,,,,,,,,,,,,,,,,,,,,,,,,,,,,,,,,,,,,,,,,,,,,,,,
NA,NA,,,,,,,,,,,,,,,,,,,,,,,,,,,,,,,,,,,,,,,,,,,,,,,,,,,,,,,,,,,,,,,,,,,,,,,,,,,,,,,,,,,,,,,,,,,,,,,,,,,,,,,,,,,,,,,,,,,,,,,,,,,,,,,,,,,,,,,,,,,,,,,,,,,,,,,,,,,,,,,,,,,,,,,,,,,,,,,,,,,,,,,,,,,
NA,NA,,,,,,,,,,,,,,,,,,,,,,,,,,,,,,,,,,,,,,,,,,,,,,,,,,,,,,,,,,,,,,,,,,,,,,,,,,,,,,,,,,,,,,,,,,,,,,,,,,,,,,,,,,,,,,,,,,,,,,,,,,,,,,,,,,,,,,,,,,,,,,,,,,,,,,,,,,,,,,,,,,,,,,,,,,,,,,,,,,,,,,,,,,,
NA,NA,,,,,,,,,,,,,,,,,,,,,,,,,,,,,,,,,,,,,,,,,,,,,,,,,,,,,,,,,,,,,,,,,,,,,,,,,,,,,,,,,,,,,,,,,,,,,,,,,,,,,,,,,,,,,,,,,,,,,,,,,,,,,,,,,,,,,,,,,,,,,,,,,,,,,,,,,,,,,,,,,,,,,,,,,,,,,,,,,,,,,,,,,,,
NA,NA,,,,,,,,,,,,,,,,,,,,,,,,,,,,,,,,,,,,,,,,,,,,,,,,,,,,,,,,,,,,,,,,,,,,,,,,,,,,,,,,,,,,,,,,,,,,,,,,,,,,,,,,,,,,,,,,,,,,,,,,,,,,,,,,,,,,,,,,,,,,,,,,,,,,,,,,,,,,,,,,,,,,,,,,,,,,,,,,,,,,,,,,,,,
NA,NA,,,,,,,,,,,,,,,,,,,,,,,,,,,,,,,,,,,,,,,,,,,,,,,,,,,,,,,,,,,,,,,,,,,,,,,,,,,,,,,,,,,,,,,,,,,,,,,,,,,,,,,,,,,,,,,,,,,,,,,,,,,,,,,,,,,,,,,,,,,,,,,,,,,,,,,,,,,,,,,,,,,,,,,,,,,,,,,,,,,,,,,,,,,
1910,1.189560387,1.19,1.4,2.85,0.95,0.63,1.91,2.84,0.7,0.65,0.84,0.63,0.96,1.27,0.8,0.81,1.33,1.73,0.82,1,1.01,0.9,0.79,0.82,1.01,1.3,0.88,0.97,1.49,0.67,0.53,0.91,0.84,0.53,1.12,0.89,1.05,0.56,0.91,2.19,1.05,0.67,0.71,0.83,1.97,2.49,0.52,0.59,0.24,0.9,0.07,1.21,1.21,1.14,1.38,5.63,0.56,0.86,0.81,0.84,1.36,0.5,1.28,2.8,0.94,1.12,0.58,0.94,2.04,1.19,4.47,0.67,1.58,0.77,2.53,0.7,0.53,0.63,1.82,0.37,0.36,0.63,0.42,0.5,1.08,0.87,0.24,2.62,0.78,0.21,0.79,0.75,1.01,0.79,0.5,0.44,0.88,2.01,1.01,0.75,0.79,0.19,1,0.75,0.71,0.76,1.48,1.21,1.98,2.05,0.4,1.8,5.54,0.77,2.23,0.44,1.61,1.64,0.26,1,0.78,2.18,0.5,0.86,0.89,0.89,0.86,3.01,0.88,5.67,1.51,1.58,1.08,1.27,1.43,1.11,1.19,0.32,0.62,1.84,0.71,0.9,1.68,1.72,0.58,0.57,3.85,1.36,1.27,0,3.58,1.58,0.5,0.91,0,0.68,0,5.64,5.6,1.43,0,0.89,1.05,2.19,1.26,2.49,2.7,0,1.3,1.32,0,0.56,0.86,0,0,0,1.13,4.47,0.32,0.72,1.11,0,0.93,0.36,0,0.6,0,0.72
NA,NA,,,,,,,,,,,,,,,,,,,,,,,,,,,,,,,,,,,,,,,,,,,,,,,,,,,,,,,,,,,,,,,,,,,,,,,,,,,,,,,,,,,,,,,,,,,,,,,,,,,,,,,,,,,,,,,,,,,,,,,,,,,,,,,,,,,,,,,,,,,,,,,,,,,,,,,,,,,,,,,,,,,,,,,,,,,,,,,,,,,,,,,,,,,
NA,NA,,,,,,,,,,,,,,,,,,,,,,,,,,,,,,,,,,,,,,,,,,,,,,,,,,,,,,,,,,,,,,,,,,,,,,,,,,,,,,,,,,,,,,,,,,,,,,,,,,,,,,,,,,,,,,,,,,,,,,,,,,,,,,,,,,,,,,,,,,,,,,,,,,,,,,,,,,,,,,,,,,,,,,,,,,,,,,,,,,,,,,,,,,,
NA,NA,,,,,,,,,,,,,,,,,,,,,,,,,,,,,,,,,,,,,,,,,,,,,,,,,,,,,,,,,,,,,,,,,,,,,,,,,,,,,,,,,,,,,,,,,,,,,,,,,,,,,,,,,,,,,,,,,,,,,,,,,,,,,,,,,,,,,,,,,,,,,,,,,,,,,,,,,,,,,,,,,,,,,,,,,,,,,,,,,,,,,,,,,,,
NA,NA,,,,,,,,,,,,,,,,,,,,,,,,,,,,,,,,,,,,,,,,,,,,,,,,,,,,,,,,,,,,,,,,,,,,,,,,,,,,,,,,,,,,,,,,,,,,,,,,,,,,,,,,,,,,,,,,,,,,,,,,,,,,,,,,,,,,,,,,,,,,,,,,,,,,,,,,,,,,,,,,,,,,,,,,,,,,,,,,,,,,,,,,,,,
NA,NA,,,,,,,,,,,,,,,,,,,,,,,,,,,,,,,,,,,,,,,,,,,,,,,,,,,,,,,,,,,,,,,,,,,,,,,,,,,,,,,,,,,,,,,,,,,,,,,,,,,,,,,,,,,,,,,,,,,,,,,,,,,,,,,,,,,,,,,,,,,,,,,,,,,,,,,,,,,,,,,,,,,,,,,,,,,,,,,,,,,,,,,,,,,
NA,NA,,,,,,,,,,,,,,,,,,,,,,,,,,,,,,,,,,,,,,,,,,,,,,,,,,,,,,,,,,,,,,,,,,,,,,,,,,,,,,,,,,,,,,,,,,,,,,,,,,,,,,,,,,,,,,,,,,,,,,,,,,,,,,,,,,,,,,,,,,,,,,,,,,,,,,,,,,,,,,,,,,,,,,,,,,,,,,,,,,,,,,,,,,,
NA,NA,,,,,,,,,,,,,,,,,,,,,,,,,,,,,,,,,,,,,,,,,,,,,,,,,,,,,,,,,,,,,,,,,,,,,,,,,,,,,,,,,,,,,,,,,,,,,,,,,,,,,,,,,,,,,,,,,,,,,,,,,,,,,,,,,,,,,,,,,,,,,,,,,,,,,,,,,,,,,,,,,,,,,,,,,,,,,,,,,,,,,,,,,,,
NA,NA,,,,,,,,,,,,,,,,,,,,,,,,,,,,,,,,,,,,,,,,,,,,,,,,,,,,,,,,,,,,,,,,,,,,,,,,,,,,,,,,,,,,,,,,,,,,,,,,,,,,,,,,,,,,,,,,,,,,,,,,,,,,,,,,,,,,,,,,,,,,,,,,,,,,,,,,,,,,,,,,,,,,,,,,,,,,,,,,,,,,,,,,,,,
NA,NA,,,,,,,,,,,,,,,,,,,,,,,,,,,,,,,,,,,,,,,,,,,,,,,,,,,,,,,,,,,,,,,,,,,,,,,,,,,,,,,,,,,,,,,,,,,,,,,,,,,,,,,,,,,,,,,,,,,,,,,,,,,,,,,,,,,,,,,,,,,,,,,,,,,,,,,,,,,,,,,,,,,,,,,,,,,,,,,,,,,,,,,,,,,
1920,1.241847467,1.17,1.08,0.58,1.13,1.03,0.95,1.65,2.65,1.02,0.92,0.47,1.07,1.09,0.87,1.18,0.98,1.81,1.27,1.1,2.05,1.47,0.85,0.72,1.36,2.6,1.28,1.19,0.86,0.72,1.23,1.26,1.01,0.89,1.89,3.82,1.14,0.58,1.02,1.73,0.89,1.89,1.46,0.98,1.12,1.35,0.6,0.87,0.55,2.49,0.54,0.75,0.4,1.18,3.36,0.57,1.15,1.98,7.38,1.2,0.99,0.49,1,3.35,1.19,1.32,1.44,1.7,3.22,0.9,1.35,0.81,1.89,0.93,0.64,0.66,0.37,1.02,4.21,0.98,0.11,0.47,1.37,5.28,0,1.27,0.7,1.76,0.81,1.29,0.85,0.72,1.36,1.65,0.83,0.58,1.06,0.71,1.29,0.88,0.74,0.34,0.79,0.85,0.71,0.72,3.93,0.41,0.87,2.16,0.84,1.22,0.4,0.39,1.11,0.94,1.52,1.38,0.23,1.9,0.81,0.66,0.26,1.58,1.77,1.1,0.94,0.19,0.61,0.69,0.92,0.85,2.63,1.07,1.9,2.05,0.9,0.19,0.82,0.7,0.38,2.79,2.2,1.99,1.11,0.96,1.28,0.15,2.32,0.98,0,0.23,0.45,0.32,0,0.23,0.97,0.57,0.5,1.21,3.26,0.48,0.52,1.03,1.34,3.11,2.98,2.43,0.68,0.61,1.78,0,6.18,0.36,0.37,3.61,0.24,1.35,0.74,1.04,1.66,1.09,0.76,0.63,0.57,1.06,1.03,0.82
NA,NA,,,,,,,,,,,,,,,,,,,,,,,,,,,,,,,,,,,,,,,,,,,,,,,,,,,,,,,,,,,,,,,,,,,,,,,,,,,,,,,,,,,,,,,,,,,,,,,,,,,,,,,,,,,,,,,,,,,,,,,,,,,,,,,,,,,,,,,,,,,,,,,,,,,,,,,,,,,,,,,,,,,,,,,,,,,,,,,,,,,,,,,,,,,
NA,NA,,,,,,,,,,,,,,,,,,,,,,,,,,,,,,,,,,,,,,,,,,,,,,,,,,,,,,,,,,,,,,,,,,,,,,,,,,,,,,,,,,,,,,,,,,,,,,,,,,,,,,,,,,,,,,,,,,,,,,,,,,,,,,,,,,,,,,,,,,,,,,,,,,,,,,,,,,,,,,,,,,,,,,,,,,,,,,,,,,,,,,,,,,,
NA,NA,,,,,,,,,,,,,,,,,,,,,,,,,,,,,,,,,,,,,,,,,,,,,,,,,,,,,,,,,,,,,,,,,,,,,,,,,,,,,,,,,,,,,,,,,,,,,,,,,,,,,,,,,,,,,,,,,,,,,,,,,,,,,,,,,,,,,,,,,,,,,,,,,,,,,,,,,,,,,,,,,,,,,,,,,,,,,,,,,,,,,,,,,,,
NA,NA,,,,,,,,,,,,,,,,,,,,,,,,,,,,,,,,,,,,,,,,,,,,,,,,,,,,,,,,,,,,,,,,,,,,,,,,,,,,,,,,,,,,,,,,,,,,,,,,,,,,,,,,,,,,,,,,,,,,,,,,,,,,,,,,,,,,,,,,,,,,,,,,,,,,,,,,,,,,,,,,,,,,,,,,,,,,,,,,,,,,,,,,,,,
NA,NA,,,,,,,,,,,,,,,,,,,,,,,,,,,,,,,,,,,,,,,,,,,,,,,,,,,,,,,,,,,,,,,,,,,,,,,,,,,,,,,,,,,,,,,,,,,,,,,,,,,,,,,,,,,,,,,,,,,,,,,,,,,,,,,,,,,,,,,,,,,,,,,,,,,,,,,,,,,,,,,,,,,,,,,,,,,,,,,,,,,,,,,,,,,
NA,NA,,,,,,,,,,,,,,,,,,,,,,,,,,,,,,,,,,,,,,,,,,,,,,,,,,,,,,,,,,,,,,,,,,,,,,,,,,,,,,,,,,,,,,,,,,,,,,,,,,,,,,,,,,,,,,,,,,,,,,,,,,,,,,,,,,,,,,,,,,,,,,,,,,,,,,,,,,,,,,,,,,,,,,,,,,,,,,,,,,,,,,,,,,,
NA,NA,,,,,,,,,,,,,,,,,,,,,,,,,,,,,,,,,,,,,,,,,,,,,,,,,,,,,,,,,,,,,,,,,,,,,,,,,,,,,,,,,,,,,,,,,,,,,,,,,,,,,,,,,,,,,,,,,,,,,,,,,,,,,,,,,,,,,,,,,,,,,,,,,,,,,,,,,,,,,,,,,,,,,,,,,,,,,,,,,,,,,,,,,,,
NA,NA,,,,,,,,,,,,,,,,,,,,,,,,,,,,,,,,,,,,,,,,,,,,,,,,,,,,,,,,,,,,,,,,,,,,,,,,,,,,,,,,,,,,,,,,,,,,,,,,,,,,,,,,,,,,,,,,,,,,,,,,,,,,,,,,,,,,,,,,,,,,,,,,,,,,,,,,,,,,,,,,,,,,,,,,,,,,,,,,,,,,,,,,,,,
NA,NA,,,,,,,,,,,,,,,,,,,,,,,,,,,,,,,,,,,,,,,,,,,,,,,,,,,,,,,,,,,,,,,,,,,,,,,,,,,,,,,,,,,,,,,,,,,,,,,,,,,,,,,,,,,,,,,,,,,,,,,,,,,,,,,,,,,,,,,,,,,,,,,,,,,,,,,,,,,,,,,,,,,,,,,,,,,,,,,,,,,,,,,,,,,
1930,0.931750359,0.94,0.86,1.28,1,0.62,0.42,0.98,0.65,0.99,0.76,0.59,1.13,0.81,1.07,1.55,0.77,1.44,1.11,1.09,1.41,1.92,1.05,1.16,0.99,1,0.84,0.83,0.63,0.68,1.59,0.6,0.66,1.22,1.13,0.96,0.88,0.17,0.95,0.62,0.97,0.17,0.36,0.4,1.36,0.55,0.36,1.09,0.79,0.31,5.12,0.73,0.56,1.24,0.17,0.51,0.17,1.38,0,1.16,1.08,0.33,0.85,0.36,0.88,0.58,0.66,0.43,1.56,0.37,0.78,1.97,0.56,0.59,1.8,0.99,0.33,0.49,0.58,0.34,3.45,0.59,0.94,0.42,0.5,0.85,2.11,1.04,1.82,1.16,1.05,0.93,0.99,0.93,0.27,0.61,0.55,0.37,1.19,0.83,0.76,0.8,1.24,0.87,0.76,0.66,0.79,1,0.23,1.9,1.14,1.16,0.21,0.58,0.43,0.87,0.59,0.56,0.53,1.37,0.68,0.66,0.46,0.85,1.07,1.06,0.95,0.8,0.35,0.43,0.87,0.85,1,1.49,1.11,0.71,0.37,0.2,0.58,3.72,0,0.42,1.68,1.6,0.79,0.71,0,0.47,0.95,1.03,3.8,3.43,0.62,1.68,0.85,1.11,1.02,0.4,0.37,1.61,0,1.98,0.22,0.94,0.47,1.4,1.41,0,1.56,1.47,0,1.03,0.4,0,0.39,0.34,0.4,0.78,1.31,0.5,1.14,0.38,0.4,3.9,1.19,2.79,0,1.81
NA,NA,,,,,,,,,,,,,,,,,,,,,,,,,,,,,,,,,,,,,,,,,,,,,,,,,,,,,,,,,,,,,,,,,,,,,,,,,,,,,,,,,,,,,,,,,,,,,,,,,,,,,,,,,,,,,,,,,,,,,,,,,,,,,,,,,,,,,,,,,,,,,,,,,,,,,,,,,,,,,,,,,,,,,,,,,,,,,,,,,,,,,,,,,,,
NA,NA,,,,,,,,,,,,,,,,,,,,,,,,,,,,,,,,,,,,,,,,,,,,,,,,,,,,,,,,,,,,,,,,,,,,,,,,,,,,,,,,,,,,,,,,,,,,,,,,,,,,,,,,,,,,,,,,,,,,,,,,,,,,,,,,,,,,,,,,,,,,,,,,,,,,,,,,,,,,,,,,,,,,,,,,,,,,,,,,,,,,,,,,,,,
NA,NA,,,,,,,,,,,,,,,,,,,,,,,,,,,,,,,,,,,,,,,,,,,,,,,,,,,,,,,,,,,,,,,,,,,,,,,,,,,,,,,,,,,,,,,,,,,,,,,,,,,,,,,,,,,,,,,,,,,,,,,,,,,,,,,,,,,,,,,,,,,,,,,,,,,,,,,,,,,,,,,,,,,,,,,,,,,,,,,,,,,,,,,,,,,
NA,NA,,,,,,,,,,,,,,,,,,,,,,,,,,,,,,,,,,,,,,,,,,,,,,,,,,,,,,,,,,,,,,,,,,,,,,,,,,,,,,,,,,,,,,,,,,,,,,,,,,,,,,,,,,,,,,,,,,,,,,,,,,,,,,,,,,,,,,,,,,,,,,,,,,,,,,,,,,,,,,,,,,,,,,,,,,,,,,,,,,,,,,,,,,,
NA,NA,,,,,,,,,,,,,,,,,,,,,,,,,,,,,,,,,,,,,,,,,,,,,,,,,,,,,,,,,,,,,,,,,,,,,,,,,,,,,,,,,,,,,,,,,,,,,,,,,,,,,,,,,,,,,,,,,,,,,,,,,,,,,,,,,,,,,,,,,,,,,,,,,,,,,,,,,,,,,,,,,,,,,,,,,,,,,,,,,,,,,,,,,,,
NA,NA,,,,,,,,,,,,,,,,,,,,,,,,,,,,,,,,,,,,,,,,,,,,,,,,,,,,,,,,,,,,,,,,,,,,,,,,,,,,,,,,,,,,,,,,,,,,,,,,,,,,,,,,,,,,,,,,,,,,,,,,,,,,,,,,,,,,,,,,,,,,,,,,,,,,,,,,,,,,,,,,,,,,,,,,,,,,,,,,,,,,,,,,,,,
NA,NA,,,,,,,,,,,,,,,,,,,,,,,,,,,,,,,,,,,,,,,,,,,,,,,,,,,,,,,,,,,,,,,,,,,,,,,,,,,,,,,,,,,,,,,,,,,,,,,,,,,,,,,,,,,,,,,,,,,,,,,,,,,,,,,,,,,,,,,,,,,,,,,,,,,,,,,,,,,,,,,,,,,,,,,,,,,,,,,,,,,,,,,,,,,
NA,NA,,,,,,,,,,,,,,,,,,,,,,,,,,,,,,,,,,,,,,,,,,,,,,,,,,,,,,,,,,,,,,,,,,,,,,,,,,,,,,,,,,,,,,,,,,,,,,,,,,,,,,,,,,,,,,,,,,,,,,,,,,,,,,,,,,,,,,,,,,,,,,,,,,,,,,,,,,,,,,,,,,,,,,,,,,,,,,,,,,,,,,,,,,,
NA,NA,,,,,,,,,,,,,,,,,,,,,,,,,,,,,,,,,,,,,,,,,,,,,,,,,,,,,,,,,,,,,,,,,,,,,,,,,,,,,,,,,,,,,,,,,,,,,,,,,,,,,,,,,,,,,,,,,,,,,,,,,,,,,,,,,,,,,,,,,,,,,,,,,,,,,,,,,,,,,,,,,,,,,,,,,,,,,,,,,,,,,,,,,,,
1940,0.931193963,0.91,0.83,1.31,0.93,0.49,0.49,0.99,0.33,0.88,0.8,0.52,1.76,0.83,0.87,1.57,0.69,0.7,0.95,0.95,0.95,0.65,0.66,1.24,1.21,0.78,0.92,1.24,0.46,1.26,1.18,0.81,0.94,0.99,0.83,0.47,1.85,1.05,1.27,0.64,1.12,0.11,0.49,0.81,1.24,1.29,0.95,1.06,0.31,0.69,0.19,0.4,0.43,0.6,1.01,0.6,0.17,0.63,0.38,1.5,2.21,0.52,0.73,0.37,1.22,0.95,0.66,0.68,0.56,0.62,1.22,0.55,0.52,0.66,1.18,2.25,0.21,0.79,0.43,0.26,0.9,0.52,0.95,0.51,0.51,0.45,1.32,2.42,2.57,0.59,0.66,0.59,1.21,1.1,0.27,2.48,0.44,1.28,0.8,0.82,1.19,3.23,1.88,0.64,0.57,0.99,1.19,0.87,1.86,0.46,0.46,1.53,0.54,0.63,2.3,0.53,0.55,0.53,0.21,1.31,1.05,0.61,0.74,0.8,0.44,0.89,0.81,2.02,0.53,0.34,1.7,1.66,0.51,0.92,1.12,1.1,0.62,3.31,0.29,0.29,0.13,0,1.41,1.36,0.55,0.5,0.45,0.16,0.41,0,0.48,0.25,0.47,2.47,0,2,0.51,0.2,0.19,1.68,0.27,0.59,1.54,1.76,1.42,2.33,2.37,1.29,1.71,1.63,0.38,2.35,0.13,0.38,1.56,0.35,0.05,1.22,0.54,0.57,0.45,1.15,0.67,1.68,0.6,0.85,4.11,0.58
NA,NA,,,,,,,,,,,,,,,,,,,,,,,,,,,,,,,,,,,,,,,,,,,,,,,,,,,,,,,,,,,,,,,,,,,,,,,,,,,,,,,,,,,,,,,,,,,,,,,,,,,,,,,,,,,,,,,,,,,,,,,,,,,,,,,,,,,,,,,,,,,,,,,,,,,,,,,,,,,,,,,,,,,,,,,,,,,,,,,,,,,,,,,,,,,
NA,NA,,,,,,,,,,,,,,,,,,,,,,,,,,,,,,,,,,,,,,,,,,,,,,,,,,,,,,,,,,,,,,,,,,,,,,,,,,,,,,,,,,,,,,,,,,,,,,,,,,,,,,,,,,,,,,,,,,,,,,,,,,,,,,,,,,,,,,,,,,,,,,,,,,,,,,,,,,,,,,,,,,,,,,,,,,,,,,,,,,,,,,,,,,,
NA,NA,,,,,,,,,,,,,,,,,,,,,,,,,,,,,,,,,,,,,,,,,,,,,,,,,,,,,,,,,,,,,,,,,,,,,,,,,,,,,,,,,,,,,,,,,,,,,,,,,,,,,,,,,,,,,,,,,,,,,,,,,,,,,,,,,,,,,,,,,,,,,,,,,,,,,,,,,,,,,,,,,,,,,,,,,,,,,,,,,,,,,,,,,,,
NA,NA,,,,,,,,,,,,,,,,,,,,,,,,,,,,,,,,,,,,,,,,,,,,,,,,,,,,,,,,,,,,,,,,,,,,,,,,,,,,,,,,,,,,,,,,,,,,,,,,,,,,,,,,,,,,,,,,,,,,,,,,,,,,,,,,,,,,,,,,,,,,,,,,,,,,,,,,,,,,,,,,,,,,,,,,,,,,,,,,,,,,,,,,,,,
NA,NA,,,,,,,,,,,,,,,,,,,,,,,,,,,,,,,,,,,,,,,,,,,,,,,,,,,,,,,,,,,,,,,,,,,,,,,,,,,,,,,,,,,,,,,,,,,,,,,,,,,,,,,,,,,,,,,,,,,,,,,,,,,,,,,,,,,,,,,,,,,,,,,,,,,,,,,,,,,,,,,,,,,,,,,,,,,,,,,,,,,,,,,,,,,
NA,NA,,,,,,,,,,,,,,,,,,,,,,,,,,,,,,,,,,,,,,,,,,,,,,,,,,,,,,,,,,,,,,,,,,,,,,,,,,,,,,,,,,,,,,,,,,,,,,,,,,,,,,,,,,,,,,,,,,,,,,,,,,,,,,,,,,,,,,,,,,,,,,,,,,,,,,,,,,,,,,,,,,,,,,,,,,,,,,,,,,,,,,,,,,,
NA,NA,,,,,,,,,,,,,,,,,,,,,,,,,,,,,,,,,,,,,,,,,,,,,,,,,,,,,,,,,,,,,,,,,,,,,,,,,,,,,,,,,,,,,,,,,,,,,,,,,,,,,,,,,,,,,,,,,,,,,,,,,,,,,,,,,,,,,,,,,,,,,,,,,,,,,,,,,,,,,,,,,,,,,,,,,,,,,,,,,,,,,,,,,,,
NA,NA,,,,,,,,,,,,,,,,,,,,,,,,,,,,,,,,,,,,,,,,,,,,,,,,,,,,,,,,,,,,,,,,,,,,,,,,,,,,,,,,,,,,,,,,,,,,,,,,,,,,,,,,,,,,,,,,,,,,,,,,,,,,,,,,,,,,,,,,,,,,,,,,,,,,,,,,,,,,,,,,,,,,,,,,,,,,,,,,,,,,,,,,,,,
NA,NA,,,,,,,,,,,,,,,,,,,,,,,,,,,,,,,,,,,,,,,,,,,,,,,,,,,,,,,,,,,,,,,,,,,,,,,,,,,,,,,,,,,,,,,,,,,,,,,,,,,,,,,,,,,,,,,,,,,,,,,,,,,,,,,,,,,,,,,,,,,,,,,,,,,,,,,,,,,,,,,,,,,,,,,,,,,,,,,,,,,,,,,,,,,
1950,0.857040732,0.79,0.76,0.78,0.81,0.61,1.04,0.83,0.38,1.25,0.64,0.53,1.42,0.88,1.03,1.42,0.88,0.78,0.83,1.01,0.78,0.95,0.61,0.82,1.79,0.9,0.63,0.7,0.39,0.78,0.53,0.71,0.92,1.28,0.42,0.5,1.27,1.04,1.27,0.82,1.88,0.91,0.58,0.63,1.51,0.48,0.61,1.02,0.09,0.42,1.8,0.2,0.7,1.18,0.87,0.64,0.17,0.68,0.38,2.07,0.74,0.47,1.13,0.27,0.69,0.65,0.77,0.29,0.68,0.65,0.8,0.53,0.43,0.56,0.75,0.76,0.48,0.1,0.23,1.55,0.67,0.53,1.32,0.51,0,0.77,0.8,1.27,1.45,0.97,0.61,0.54,1.79,1.06,0.6,2.46,0.51,1.35,0.82,0.66,1.11,0,0.72,0.9,0.79,0.8,1.57,0.82,1.15,1.09,0.55,0.6,0.37,2.87,0.43,0.41,0.56,0.53,0.94,0.77,0.5,0.51,1.84,1.1,0.75,0.8,0.72,0.8,0.64,0.39,1.98,1.92,0.5,0.86,0.66,0.57,0.65,0.2,0.87,1.3,0.27,0.42,0.41,0.39,1.33,1.2,0.45,0.32,0.74,1.03,0.48,3.92,1.09,1.01,0,1.03,2.54,0.2,0.18,1.05,0.26,0.55,0.87,1.18,0.35,0.62,0.63,0.42,1.56,1.47,0.75,2.06,1.19,1.13,1.55,0,0.15,0.8,1.19,0.56,0.5,0.38,0.93,1.24,0.3,1.4,1.36,2.48
NA,NA,,,,,,,,,,,,,,,,,,,,,,,,,,,,,,,,,,,,,,,,,,,,,,,,,,,,,,,,,,,,,,,,,,,,,,,,,,,,,,,,,,,,,,,,,,,,,,,,,,,,,,,,,,,,,,,,,,,,,,,,,,,,,,,,,,,,,,,,,,,,,,,,,,,,,,,,,,,,,,,,,,,,,,,,,,,,,,,,,,,,,,,,,,,
NA,NA,,,,,,,,,,,,,,,,,,,,,,,,,,,,,,,,,,,,,,,,,,,,,,,,,,,,,,,,,,,,,,,,,,,,,,,,,,,,,,,,,,,,,,,,,,,,,,,,,,,,,,,,,,,,,,,,,,,,,,,,,,,,,,,,,,,,,,,,,,,,,,,,,,,,,,,,,,,,,,,,,,,,,,,,,,,,,,,,,,,,,,,,,,,
NA,NA,,,,,,,,,,,,,,,,,,,,,,,,,,,,,,,,,,,,,,,,,,,,,,,,,,,,,,,,,,,,,,,,,,,,,,,,,,,,,,,,,,,,,,,,,,,,,,,,,,,,,,,,,,,,,,,,,,,,,,,,,,,,,,,,,,,,,,,,,,,,,,,,,,,,,,,,,,,,,,,,,,,,,,,,,,,,,,,,,,,,,,,,,,,
NA,NA,,,,,,,,,,,,,,,,,,,,,,,,,,,,,,,,,,,,,,,,,,,,,,,,,,,,,,,,,,,,,,,,,,,,,,,,,,,,,,,,,,,,,,,,,,,,,,,,,,,,,,,,,,,,,,,,,,,,,,,,,,,,,,,,,,,,,,,,,,,,,,,,,,,,,,,,,,,,,,,,,,,,,,,,,,,,,,,,,,,,,,,,,,,
NA,NA,,,,,,,,,,,,,,,,,,,,,,,,,,,,,,,,,,,,,,,,,,,,,,,,,,,,,,,,,,,,,,,,,,,,,,,,,,,,,,,,,,,,,,,,,,,,,,,,,,,,,,,,,,,,,,,,,,,,,,,,,,,,,,,,,,,,,,,,,,,,,,,,,,,,,,,,,,,,,,,,,,,,,,,,,,,,,,,,,,,,,,,,,,,
NA,NA,,,,,,,,,,,,,,,,,,,,,,,,,,,,,,,,,,,,,,,,,,,,,,,,,,,,,,,,,,,,,,,,,,,,,,,,,,,,,,,,,,,,,,,,,,,,,,,,,,,,,,,,,,,,,,,,,,,,,,,,,,,,,,,,,,,,,,,,,,,,,,,,,,,,,,,,,,,,,,,,,,,,,,,,,,,,,,,,,,,,,,,,,,,
NA,NA,,,,,,,,,,,,,,,,,,,,,,,,,,,,,,,,,,,,,,,,,,,,,,,,,,,,,,,,,,,,,,,,,,,,,,,,,,,,,,,,,,,,,,,,,,,,,,,,,,,,,,,,,,,,,,,,,,,,,,,,,,,,,,,,,,,,,,,,,,,,,,,,,,,,,,,,,,,,,,,,,,,,,,,,,,,,,,,,,,,,,,,,,,,
NA,NA,,,,,,,,,,,,,,,,,,,,,,,,,,,,,,,,,,,,,,,,,,,,,,,,,,,,,,,,,,,,,,,,,,,,,,,,,,,,,,,,,,,,,,,,,,,,,,,,,,,,,,,,,,,,,,,,,,,,,,,,,,,,,,,,,,,,,,,,,,,,,,,,,,,,,,,,,,,,,,,,,,,,,,,,,,,,,,,,,,,,,,,,,,,
NA,NA,,,,,,,,,,,,,,,,,,,,,,,,,,,,,,,,,,,,,,,,,,,,,,,,,,,,,,,,,,,,,,,,,,,,,,,,,,,,,,,,,,,,,,,,,,,,,,,,,,,,,,,,,,,,,,,,,,,,,,,,,,,,,,,,,,,,,,,,,,,,,,,,,,,,,,,,,,,,,,,,,,,,,,,,,,,,,,,,,,,,,,,,,,,
1960,0.769736572,0.78,0.71,0.6,1,2.13,0.67,0.31,0.11,0.72,0.65,0.19,1.17,0.96,1.2,0.86,0.75,0.89,0.88,0.73,0.28,0.74,0.33,0.92,0.46,1.07,0.56,0.8,0.58,1.76,0.42,0.67,0.42,1.6,0.77,0.68,0.88,2.4,0.63,0.52,0.84,0.7,0.37,0.87,0.33,0.59,0.53,1.12,0.31,0.43,1.71,0.47,0.72,0.96,1.1,0.52,0.88,1.06,1.16,2.08,0.54,0.31,0.75,1.07,0.56,0.53,0.7,0.54,0.44,0.42,1.01,0.65,0.55,0.55,0.38,0.45,2.99,0.3,0.43,0.53,0.34,0.19,1.9,0.42,0,0.7,0.65,0.51,0.86,0,0.33,0.3,0.46,1.25,1.29,2.09,0.48,0.69,1.18,0.94,0.88,1.72,0.11,0.71,0.63,1.31,0.4,0.75,0.94,0.37,0.69,1.02,0.7,0.4,0.67,1.06,0.84,0.81,5.4,0.61,0.73,0.6,0.56,0.95,0.48,0.59,0.54,0.41,0.65,0.44,1.78,1.76,0.77,1.05,0.23,0.5,0.42,0.41,0.29,0.27,0.14,1.71,0.71,0.69,0.72,0.67,0,5.01,0.45,0.35,0.48,0.25,2.7,0.51,0.44,0.24,1.55,0.07,0.06,1.02,0.27,0.52,0.22,0.76,0.96,0.47,0.48,0.43,0.88,0.85,1.14,0.26,0.54,0.38,0.79,0,0.56,1.01,0.97,0.37,0.42,0.77,0.74,0.85,0,1.14,0,0.1
NA,NA,,,,,,,,,,,,,,,,,,,,,,,,,,,,,,,,,,,,,,,,,,,,,,,,,,,,,,,,,,,,,,,,,,,,,,,,,,,,,,,,,,,,,,,,,,,,,,,,,,,,,,,,,,,,,,,,,,,,,,,,,,,,,,,,,,,,,,,,,,,,,,,,,,,,,,,,,,,,,,,,,,,,,,,,,,,,,,,,,,,,,,,,,,,
NA,NA,,,,,,,,,,,,,,,,,,,,,,,,,,,,,,,,,,,,,,,,,,,,,,,,,,,,,,,,,,,,,,,,,,,,,,,,,,,,,,,,,,,,,,,,,,,,,,,,,,,,,,,,,,,,,,,,,,,,,,,,,,,,,,,,,,,,,,,,,,,,,,,,,,,,,,,,,,,,,,,,,,,,,,,,,,,,,,,,,,,,,,,,,,,
NA,NA,,,,,,,,,,,,,,,,,,,,,,,,,,,,,,,,,,,,,,,,,,,,,,,,,,,,,,,,,,,,,,,,,,,,,,,,,,,,,,,,,,,,,,,,,,,,,,,,,,,,,,,,,,,,,,,,,,,,,,,,,,,,,,,,,,,,,,,,,,,,,,,,,,,,,,,,,,,,,,,,,,,,,,,,,,,,,,,,,,,,,,,,,,,
NA,NA,,,,,,,,,,,,,,,,,,,,,,,,,,,,,,,,,,,,,,,,,,,,,,,,,,,,,,,,,,,,,,,,,,,,,,,,,,,,,,,,,,,,,,,,,,,,,,,,,,,,,,,,,,,,,,,,,,,,,,,,,,,,,,,,,,,,,,,,,,,,,,,,,,,,,,,,,,,,,,,,,,,,,,,,,,,,,,,,,,,,,,,,,,,
NA,NA,,,,,,,,,,,,,,,,,,,,,,,,,,,,,,,,,,,,,,,,,,,,,,,,,,,,,,,,,,,,,,,,,,,,,,,,,,,,,,,,,,,,,,,,,,,,,,,,,,,,,,,,,,,,,,,,,,,,,,,,,,,,,,,,,,,,,,,,,,,,,,,,,,,,,,,,,,,,,,,,,,,,,,,,,,,,,,,,,,,,,,,,,,,
NA,NA,,,,,,,,,,,,,,,,,,,,,,,,,,,,,,,,,,,,,,,,,,,,,,,,,,,,,,,,,,,,,,,,,,,,,,,,,,,,,,,,,,,,,,,,,,,,,,,,,,,,,,,,,,,,,,,,,,,,,,,,,,,,,,,,,,,,,,,,,,,,,,,,,,,,,,,,,,,,,,,,,,,,,,,,,,,,,,,,,,,,,,,,,,,
NA,NA,,,,,,,,,,,,,,,,,,,,,,,,,,,,,,,,,,,,,,,,,,,,,,,,,,,,,,,,,,,,,,,,,,,,,,,,,,,,,,,,,,,,,,,,,,,,,,,,,,,,,,,,,,,,,,,,,,,,,,,,,,,,,,,,,,,,,,,,,,,,,,,,,,,,,,,,,,,,,,,,,,,,,,,,,,,,,,,,,,,,,,,,,,,
NA,NA,,,,,,,,,,,,,,,,,,,,,,,,,,,,,,,,,,,,,,,,,,,,,,,,,,,,,,,,,,,,,,,,,,,,,,,,,,,,,,,,,,,,,,,,,,,,,,,,,,,,,,,,,,,,,,,,,,,,,,,,,,,,,,,,,,,,,,,,,,,,,,,,,,,,,,,,,,,,,,,,,,,,,,,,,,,,,,,,,,,,,,,,,,,
NA,NA,,,,,,,,,,,,,,,,,,,,,,,,,,,,,,,,,,,,,,,,,,,,,,,,,,,,,,,,,,,,,,,,,,,,,,,,,,,,,,,,,,,,,,,,,,,,,,,,,,,,,,,,,,,,,,,,,,,,,,,,,,,,,,,,,,,,,,,,,,,,,,,,,,,,,,,,,,,,,,,,,,,,,,,,,,,,,,,,,,,,,,,,,,,
1970,0.748991485,0.75,0.76,0.62,0.76,1.7,0.71,1.16,0.11,0.64,0.72,0.29,1.32,1.13,0.76,0.5,0.85,0.71,0.85,0.75,0.36,0.33,0.54,0.6,0.47,0.82,0.63,0.62,0.59,1.55,0.54,0.77,0.82,1.04,0.63,0.68,0.97,0.98,1.02,0.6,0.76,0.64,0.25,0.61,1.08,1.07,0.37,0.94,1.09,0.97,1.91,0.14,1.01,1.39,0.55,0.39,1.6,0.66,0,0.6,0.57,0.29,0.55,0.37,0.44,1.08,1,0.3,1.22,0.85,1.03,0.63,1.5,0.72,0.73,0.86,2.23,0.2,0.24,0.27,0.69,0.29,0.86,0.43,1.03,0.79,0.92,0.87,0.62,0.6,0.54,0.49,0.47,1.21,0.75,0.42,0.42,0.84,1.49,0.76,0.78,0.73,0.21,0.59,0.53,2.26,0.2,0.62,0.24,0.84,0.45,0.86,0.71,0.93,0.73,0.71,0.53,0.51,0.79,1.44,1.83,0.42,0.57,0.77,0.16,0.76,0.7,0.82,0.42,0.35,0.95,0.95,0.26,0.69,1.36,0.55,0.85,1.33,0.3,0.25,0.14,0,0.68,0.67,0.51,0.48,0.92,0.49,0.69,1.06,0,0,0.64,0.78,4.39,0.49,2.09,0.2,0.19,0.34,0.54,0.27,1.23,1.22,0.6,0.31,0.32,0,1.4,1.36,0,0.79,0.14,1.54,0.79,1.77,0.92,1.03,2.38,0.74,0.68,0,1.02,0.6,0.31,0.57,0,0.59
NA,NA,,,,,,,,,,,,,,,,,,,,,,,,,,,,,,,,,,,,,,,,,,,,,,,,,,,,,,,,,,,,,,,,,,,,,,,,,,,,,,,,,,,,,,,,,,,,,,,,,,,,,,,,,,,,,,,,,,,,,,,,,,,,,,,,,,,,,,,,,,,,,,,,,,,,,,,,,,,,,,,,,,,,,,,,,,,,,,,,,,,,,,,,,,,
NA,NA,,,,,,,,,,,,,,,,,,,,,,,,,,,,,,,,,,,,,,,,,,,,,,,,,,,,,,,,,,,,,,,,,,,,,,,,,,,,,,,,,,,,,,,,,,,,,,,,,,,,,,,,,,,,,,,,,,,,,,,,,,,,,,,,,,,,,,,,,,,,,,,,,,,,,,,,,,,,,,,,,,,,,,,,,,,,,,,,,,,,,,,,,,,
NA,NA,,,,,,,,,,,,,,,,,,,,,,,,,,,,,,,,,,,,,,,,,,,,,,,,,,,,,,,,,,,,,,,,,,,,,,,,,,,,,,,,,,,,,,,,,,,,,,,,,,,,,,,,,,,,,,,,,,,,,,,,,,,,,,,,,,,,,,,,,,,,,,,,,,,,,,,,,,,,,,,,,,,,,,,,,,,,,,,,,,,,,,,,,,,
NA,NA,,,,,,,,,,,,,,,,,,,,,,,,,,,,,,,,,,,,,,,,,,,,,,,,,,,,,,,,,,,,,,,,,,,,,,,,,,,,,,,,,,,,,,,,,,,,,,,,,,,,,,,,,,,,,,,,,,,,,,,,,,,,,,,,,,,,,,,,,,,,,,,,,,,,,,,,,,,,,,,,,,,,,,,,,,,,,,,,,,,,,,,,,,,
NA,NA,,,,,,,,,,,,,,,,,,,,,,,,,,,,,,,,,,,,,,,,,,,,,,,,,,,,,,,,,,,,,,,,,,,,,,,,,,,,,,,,,,,,,,,,,,,,,,,,,,,,,,,,,,,,,,,,,,,,,,,,,,,,,,,,,,,,,,,,,,,,,,,,,,,,,,,,,,,,,,,,,,,,,,,,,,,,,,,,,,,,,,,,,,,
NA,NA,,,,,,,,,,,,,,,,,,,,,,,,,,,,,,,,,,,,,,,,,,,,,,,,,,,,,,,,,,,,,,,,,,,,,,,,,,,,,,,,,,,,,,,,,,,,,,,,,,,,,,,,,,,,,,,,,,,,,,,,,,,,,,,,,,,,,,,,,,,,,,,,,,,,,,,,,,,,,,,,,,,,,,,,,,,,,,,,,,,,,,,,,,,
NA,NA,,,,,,,,,,,,,,,,,,,,,,,,,,,,,,,,,,,,,,,,,,,,,,,,,,,,,,,,,,,,,,,,,,,,,,,,,,,,,,,,,,,,,,,,,,,,,,,,,,,,,,,,,,,,,,,,,,,,,,,,,,,,,,,,,,,,,,,,,,,,,,,,,,,,,,,,,,,,,,,,,,,,,,,,,,,,,,,,,,,,,,,,,,,
NA,NA,,,,,,,,,,,,,,,,,,,,,,,,,,,,,,,,,,,,,,,,,,,,,,,,,,,,,,,,,,,,,,,,,,,,,,,,,,,,,,,,,,,,,,,,,,,,,,,,,,,,,,,,,,,,,,,,,,,,,,,,,,,,,,,,,,,,,,,,,,,,,,,,,,,,,,,,,,,,,,,,,,,,,,,,,,,,,,,,,,,,,,,,,,,
NA,NA,,,,,,,,,,,,,,,,,,,,,,,,,,,,,,,,,,,,,,,,,,,,,,,,,,,,,,,,,,,,,,,,,,,,,,,,,,,,,,,,,,,,,,,,,,,,,,,,,,,,,,,,,,,,,,,,,,,,,,,,,,,,,,,,,,,,,,,,,,,,,,,,,,,,,,,,,,,,,,,,,,,,,,,,,,,,,,,,,,,,,,,,,,,
1980,0.83127733,0.83,0.85,1.26,0.94,0.58,0.84,0.8,0.21,0.82,0.54,0.41,1.22,0.95,0.85,0.64,1.04,0.47,0.78,0.89,0.51,0.48,0.47,0.87,0.64,0.79,0.73,1.28,0.35,0.63,0.38,0.93,0.64,1.46,4.04,0.51,1.17,2.19,0.8,0.48,0.67,0.44,0.78,1.46,0.61,1.06,0.95,0.79,5.21,1.32,0.44,0.7,0.96,1.43,0.16,0.16,0.34,0.69,0.92,0.78,0.68,1.4,0.5,0.27,0.86,1.19,1.46,1.83,0.71,0.73,0.47,0.53,2.27,1.2,0.49,1.7,0.82,0.38,0.26,1,1.19,0.41,1.88,0.54,0,3.32,0.96,1.83,0.35,0.37,0.47,0.41,0.64,1.26,0.78,0.4,0.63,0.65,0.92,0.81,1.33,1.72,0.25,0.48,0.41,0.89,0.76,0.37,0.45,0.97,0.87,0.77,1.49,0.46,0.58,1.51,3.23,2.98,0.75,1.14,0.62,0.71,1.07,0.97,0.19,0.51,0.44,0.19,0.62,0.79,1.29,1.22,1.7,0.51,2.14,0.81,0.73,0.48,0,0.88,0,0.81,0.93,0.85,0.44,0.39,0,0.15,0.26,0.33,0.46,0.47,0.45,0.65,0.41,1.61,0.49,0.06,0.06,0.27,0,0.48,0.95,0.16,0.23,0.78,0.76,1.24,0.42,0.38,0,0.5,0,0,3,1.67,1.12,0.47,0.75,0.63,0.73,1.1,0.58,0.72,0.58,0,0.26,0.83
NA,NA,,,,,,,,,,,,,,,,,,,,,,,,,,,,,,,,,,,,,,,,,,,,,,,,,,,,,,,,,,,,,,,,,,,,,,,,,,,,,,,,,,,,,,,,,,,,,,,,,,,,,,,,,,,,,,,,,,,,,,,,,,,,,,,,,,,,,,,,,,,,,,,,,,,,,,,,,,,,,,,,,,,,,,,,,,,,,,,,,,,,,,,,,,,
NA,NA,,,,,,,,,,,,,,,,,,,,,,,,,,,,,,,,,,,,,,,,,,,,,,,,,,,,,,,,,,,,,,,,,,,,,,,,,,,,,,,,,,,,,,,,,,,,,,,,,,,,,,,,,,,,,,,,,,,,,,,,,,,,,,,,,,,,,,,,,,,,,,,,,,,,,,,,,,,,,,,,,,,,,,,,,,,,,,,,,,,,,,,,,,,
NA,NA,,,,,,,,,,,,,,,,,,,,,,,,,,,,,,,,,,,,,,,,,,,,,,,,,,,,,,,,,,,,,,,,,,,,,,,,,,,,,,,,,,,,,,,,,,,,,,,,,,,,,,,,,,,,,,,,,,,,,,,,,,,,,,,,,,,,,,,,,,,,,,,,,,,,,,,,,,,,,,,,,,,,,,,,,,,,,,,,,,,,,,,,,,,
NA,NA,,,,,,,,,,,,,,,,,,,,,,,,,,,,,,,,,,,,,,,,,,,,,,,,,,,,,,,,,,,,,,,,,,,,,,,,,,,,,,,,,,,,,,,,,,,,,,,,,,,,,,,,,,,,,,,,,,,,,,,,,,,,,,,,,,,,,,,,,,,,,,,,,,,,,,,,,,,,,,,,,,,,,,,,,,,,,,,,,,,,,,,,,,,
NA,NA,,,,,,,,,,,,,,,,,,,,,,,,,,,,,,,,,,,,,,,,,,,,,,,,,,,,,,,,,,,,,,,,,,,,,,,,,,,,,,,,,,,,,,,,,,,,,,,,,,,,,,,,,,,,,,,,,,,,,,,,,,,,,,,,,,,,,,,,,,,,,,,,,,,,,,,,,,,,,,,,,,,,,,,,,,,,,,,,,,,,,,,,,,,
NA,NA,,,,,,,,,,,,,,,,,,,,,,,,,,,,,,,,,,,,,,,,,,,,,,,,,,,,,,,,,,,,,,,,,,,,,,,,,,,,,,,,,,,,,,,,,,,,,,,,,,,,,,,,,,,,,,,,,,,,,,,,,,,,,,,,,,,,,,,,,,,,,,,,,,,,,,,,,,,,,,,,,,,,,,,,,,,,,,,,,,,,,,,,,,,
NA,NA,,,,,,,,,,,,,,,,,,,,,,,,,,,,,,,,,,,,,,,,,,,,,,,,,,,,,,,,,,,,,,,,,,,,,,,,,,,,,,,,,,,,,,,,,,,,,,,,,,,,,,,,,,,,,,,,,,,,,,,,,,,,,,,,,,,,,,,,,,,,,,,,,,,,,,,,,,,,,,,,,,,,,,,,,,,,,,,,,,,,,,,,,,,
NA,NA,,,,,,,,,,,,,,,,,,,,,,,,,,,,,,,,,,,,,,,,,,,,,,,,,,,,,,,,,,,,,,,,,,,,,,,,,,,,,,,,,,,,,,,,,,,,,,,,,,,,,,,,,,,,,,,,,,,,,,,,,,,,,,,,,,,,,,,,,,,,,,,,,,,,,,,,,,,,,,,,,,,,,,,,,,,,,,,,,,,,,,,,,,,
NA,NA,,,,,,,,,,,,,,,,,,,,,,,,,,,,,,,,,,,,,,,,,,,,,,,,,,,,,,,,,,,,,,,,,,,,,,,,,,,,,,,,,,,,,,,,,,,,,,,,,,,,,,,,,,,,,,,,,,,,,,,,,,,,,,,,,,,,,,,,,,,,,,,,,,,,,,,,,,,,,,,,,,,,,,,,,,,,,,,,,,,,,,,,,,,
1990,1.270432609,1.17,0.85,0.82,1.27,0.84,1.5,0.66,0.38,0.88,0.85,0.34,1.17,1.04,1.24,1.28,1.37,1.25,1.59,0.83,0.56,1.08,1.07,1.86,1.31,0.81,0.64,1.61,0.69,1.8,0.84,1.16,3.7,0.62,0.82,1.48,1.83,1.9,1.02,1.27,1.17,1.19,0.64,1.02,1.01,1.06,1.39,1.34,1.47,0.5,0.73,0.69,1.85,2.27,0.87,1.41,0.45,1.38,0.66,0.96,0.95,1.49,1.34,0.68,1.04,0.47,0.9,1.65,2.3,2.95,0.87,2.15,3.23,2.18,0.92,0.65,1.21,0.51,0.2,0.83,2.63,0.34,0.72,1.21,4.39,1.09,1.96,1.89,1.38,0.85,1.07,0.83,1.31,1.42,1.64,1.07,0.89,1.64,0.67,1.05,2.09,2.1,0.36,1.04,0.8,1.34,1.89,2.52,1.41,0.64,0.77,1.19,0.46,0.92,1.32,1.77,0.69,0.58,1.28,1.47,1.9,0.8,3.22,2.58,0.9,1.01,0.8,1.92,1.12,1.39,1.16,0.98,0.22,1.07,1.94,1.74,2.95,3.13,1.26,0.27,0.12,0,0.51,0.43,0.65,0.52,4.3,0.55,0.74,2.11,1.25,0.86,1.36,1.99,1.12,0.42,0.89,2.5,2.01,2.18,1.62,1.19,0.86,1.46,1.13,2.95,2.6,0.74,0.52,0.43,0,0.23,0.93,2.96,4.06,1.81,2.76,0.87,0.36,0.85,0.66,0.33,1.1,0.87,1.31,0.49,0.24,2.75
NA,NA,,,,,,,,,,,,,,,,,,,,,,,,,,,,,,,,,,,,,,,,,,,,,,,,,,,,,,,,,,,,,,,,,,,,,,,,,,,,,,,,,,,,,,,,,,,,,,,,,,,,,,,,,,,,,,,,,,,,,,,,,,,,,,,,,,,,,,,,,,,,,,,,,,,,,,,,,,,,,,,,,,,,,,,,,,,,,,,,,,,,,,,,,,,
NA,NA,,,,,,,,,,,,,,,,,,,,,,,,,,,,,,,,,,,,,,,,,,,,,,,,,,,,,,,,,,,,,,,,,,,,,,,,,,,,,,,,,,,,,,,,,,,,,,,,,,,,,,,,,,,,,,,,,,,,,,,,,,,,,,,,,,,,,,,,,,,,,,,,,,,,,,,,,,,,,,,,,,,,,,,,,,,,,,,,,,,,,,,,,,,
NA,NA,,,,,,,,,,,,,,,,,,,,,,,,,,,,,,,,,,,,,,,,,,,,,,,,,,,,,,,,,,,,,,,,,,,,,,,,,,,,,,,,,,,,,,,,,,,,,,,,,,,,,,,,,,,,,,,,,,,,,,,,,,,,,,,,,,,,,,,,,,,,,,,,,,,,,,,,,,,,,,,,,,,,,,,,,,,,,,,,,,,,,,,,,,,
NA,NA,,,,,,,,,,,,,,,,,,,,,,,,,,,,,,,,,,,,,,,,,,,,,,,,,,,,,,,,,,,,,,,,,,,,,,,,,,,,,,,,,,,,,,,,,,,,,,,,,,,,,,,,,,,,,,,,,,,,,,,,,,,,,,,,,,,,,,,,,,,,,,,,,,,,,,,,,,,,,,,,,,,,,,,,,,,,,,,,,,,,,,,,,,,
NA,NA,,,,,,,,,,,,,,,,,,,,,,,,,,,,,,,,,,,,,,,,,,,,,,,,,,,,,,,,,,,,,,,,,,,,,,,,,,,,,,,,,,,,,,,,,,,,,,,,,,,,,,,,,,,,,,,,,,,,,,,,,,,,,,,,,,,,,,,,,,,,,,,,,,,,,,,,,,,,,,,,,,,,,,,,,,,,,,,,,,,,,,,,,,,
NA,NA,,,,,,,,,,,,,,,,,,,,,,,,,,,,,,,,,,,,,,,,,,,,,,,,,,,,,,,,,,,,,,,,,,,,,,,,,,,,,,,,,,,,,,,,,,,,,,,,,,,,,,,,,,,,,,,,,,,,,,,,,,,,,,,,,,,,,,,,,,,,,,,,,,,,,,,,,,,,,,,,,,,,,,,,,,,,,,,,,,,,,,,,,,,
NA,NA,,,,,,,,,,,,,,,,,,,,,,,,,,,,,,,,,,,,,,,,,,,,,,,,,,,,,,,,,,,,,,,,,,,,,,,,,,,,,,,,,,,,,,,,,,,,,,,,,,,,,,,,,,,,,,,,,,,,,,,,,,,,,,,,,,,,,,,,,,,,,,,,,,,,,,,,,,,,,,,,,,,,,,,,,,,,,,,,,,,,,,,,,,,
NA,NA,,,,,,,,,,,,,,,,,,,,,,,,,,,,,,,,,,,,,,,,,,,,,,,,,,,,,,,,,,,,,,,,,,,,,,,,,,,,,,,,,,,,,,,,,,,,,,,,,,,,,,,,,,,,,,,,,,,,,,,,,,,,,,,,,,,,,,,,,,,,,,,,,,,,,,,,,,,,,,,,,,,,,,,,,,,,,,,,,,,,,,,,,,,
NA,NA,,,,,,,,,,,,,,,,,,,,,,,,,,,,,,,,,,,,,,,,,,,,,,,,,,,,,,,,,,,,,,,,,,,,,,,,,,,,,,,,,,,,,,,,,,,,,,,,,,,,,,,,,,,,,,,,,,,,,,,,,,,,,,,,,,,,,,,,,,,,,,,,,,,,,,,,,,,,,,,,,,,,,,,,,,,,,,,,,,,,,,,,,,,
2000,1.044453576,1.02,0.97,1.13,0.99,1.14,1.35,0.93,0.23,1.27,0.8,0.29,1.1,1,1.45,1.76,1.71,0.63,1.6,0.83,0.52,0.49,0.71,2,1.28,0.67,0.78,1.05,1.97,1.07,0.75,1.09,0.73,0.68,0.94,1.02,1.29,3.1,1.25,1.05,0.85,0.28,0.38,0.83,0.83,0.76,1.07,1.05,1.2,0.48,0.87,0.66,1.17,0.98,2.61,0.53,0.86,0.87,1.72,0.62,0.62,0.95,0.81,0.83,1.46,0.57,1.53,1.88,1.25,1.15,0.61,1.31,1.54,1.86,0.69,0.95,1.64,0.4,0.1,1.21,2.03,0.29,0.81,1.03,0.42,0.97,2.35,0.89,1.4,0.8,0.71,0.52,1.28,1.17,0.88,0.51,0.7,1.98,1.16,1.26,2.36,1.54,0.09,0.88,0.64,1.52,0.49,1.36,0.57,0.3,0.74,0.96,0.7,0.48,1.7,2.35,1.18,0.93,1.62,0.83,0.71,0.97,3.35,1.07,0.82,0.84,0.63,2.81,1.4,0.92,0.57,0.46,0,0.64,1.47,1.3,1.15,0.41,0.48,1.89,0.44,0.69,1.1,0.86,0.96,0.72,1.48,0.52,0.42,0.57,1.18,0.41,0.77,0.97,0.71,0.59,2.94,0.6,0.46,1.56,0.65,1.83,0.81,1.74,1.26,0.47,0.39,1.76,0.94,0.73,0.93,1.28,1.1,1.56,0.96,2.57,2.07,0.61,0.15,0.93,0.57,0.31,0.71,1.99,0.99,0,1.35,1.82
